{
  "metadata": {
    "created_at": "2025-08-04T22:47:22.374157",
    "total_classifications": 12,
    "last_updated": "2025-08-04T22:50:45.823534"
  },
  "classifications": {
    "+27630243757": {
      "disposition": "CALLBK",
      "transcript": "AI: Hello. My name is Emma calling from the damp and disrepair survey team. We're helping UK tenants whose council or housing association hasn't fixed major issue like damp or leaks, It's just a 1 minute survey. Is now a good time?\nUser: Yes.\nAI: Great. Just to start, are you based in England or Wales?\nUser: England.\nAI: Perfect. And just checking, do you own your home or are you renting from a council or housing association?\nUser: Irene.\nAI: It sounds like you might have mentioned a name there. Just clarify, are you a homeowner, or do you rent from a council or housing association?\nUser: I rinse from the console.\nAI: Thank you for clarifying that you rent from the council. Got it? And how many people are in your household?\nUser: Sorry. You think you could you could call me back at another time? I'm a bit busy right now.\nAI: No worries at all. I can definitely call you back later. When would be best for you?\nUser: Tomorrow at 3 PM?\nAI: Tomorrow at 3 PM works perfectly. I'll make sure t...",
      "call_id": null,
      "campaign_id": null,
      "classified_at": "2025-08-04T22:47:22.374157",
      "classification_method": "rule_based"
    },
    "Unknown": {
      "disposition": "NP",
      "transcript": "User: Hello?\nAI: Hi there. Welcome to Old Town. Italy Umhlanga. How can I assist you today?\nUser: Um, I'd like to make a reservation.\nAI: No worries. Let's get that sorted for you. May I have your full name and contact number, please?\nUser: My name is Tyrell, and my number is 0 6 3 0 2 4 3 7 5 7.\nAI: Great. Thanks, Tyrell. When would you like to make the reservation? And for how many guests?\n",
      "call_id": null,
      "campaign_id": null,
      "classified_at": "2025-08-04T22:50:05.232004",
      "classification_method": "rule_based"
    },
    "+27679257022": {
      "disposition": "NI",
      "transcript": "User: Hello?\nAI: Hello. My name's James calling from the damp and disrepair survey team. We're helping UK tenants whose council or housing association hasn't fixed major issues like damp or leaks. It's just a 1 minute survey is now a good time.\nUser: Uh, what's your name?\nAI: My name is James. Can I ask for your first name?\nUser: What? I see your boss name as an orient.\nAI: I understand there might be some confusion\nUser: Hello?\nAI: I apologize for any confusion. My name is James and I'm here to assist you. Can I have your first name, please?\nUser: Caden.\nAI: Thanks, Kaden. And your last name?\nUser: This this is the wrong this is the wrong 1.\n",
      "call_id": null,
      "campaign_id": null,
      "classified_at": "2025-08-04T22:50:08.534085",
      "classification_method": "rule_based"
    },
    "+27834776137": {
      "disposition": "A",
      "transcript": "User: You have reached mailbox number 0 8 3 4 7 7 6 1 3 7.\nAI: Hello. My name's James calling from the damp and disrepair survey team. We're helping UK tenants whose council or housing association hasn't fixed major issues like damp or leaks. It's just a 1 minute survey. Is now a good time?\nUser: To listen to your message, press 2. To send your message, press 3. To change your message, press 4.\nAI: It seems like we've reached a voice mail If you're interested in our service, please feel\nUser: To listen to your message, press 2. To send your message, press 3. To change your message, press 4.\nAI: It looks like we're in a voice mail system. If you'd like to reach out for assistance, please hang\nUser: To listen to your message, press 2. To send your message, press 3. To change your message, press 4.\nAI: It appears we're currently unable to connect directly If you'd like to discuss any damp or\nUser: Your call will be ended. Thank you for calling.\n",
      "call_id": null,
      "campaign_id": null,
      "classified_at": "2025-08-04T22:50:13.485632",
      "classification_method": "rule_based"
    },
    "+27734141844": {
      "disposition": "CALLBK",
      "transcript": "User: Your call has been forwarded to voice mail. The person you're trying to reach is not available.\nAI: Hello. My name's James calling from the damp and disrepair survey team. We're helping UK tenants whose council or housing association hasn't fixed major issues like damp or leaks. It's just a 1 minute survey. Is now a good time?\n",
      "call_id": null,
      "campaign_id": null,
      "classified_at": "2025-08-04T22:50:15.517079",
      "classification_method": "rule_based"
    },
    "+13127306424": {
      "disposition": "NP",
      "transcript": "User: Please leave your message for\nAI: Hello. My name's James calling from the damp and disrepair survey team. We're helping UK tenants whose council or housing association hasn't fixed major issues like damp or leaks. It's just a 1 minute survey. Is now a good time?\n",
      "call_id": null,
      "campaign_id": null,
      "classified_at": "2025-08-04T22:50:17.713284",
      "classification_method": "rule_based"
    },
    "+923256914998": {
      "disposition": "PR",
      "transcript": "AI: Hello. My name is Emma calling from the Damp and Disrepair survey team. We're helping UK tenants whose council or housing hasn't fixed major issues like\n",
      "call_id": null,
      "campaign_id": null,
      "classified_at": "2025-08-04T22:50:25.329106",
      "classification_method": "rule_based"
    },
    "+19172821854": {
      "disposition": "CALLBK",
      "transcript": "AI: Hello. Welcome to Goody's Restaurant. What can I help you with?\nUser: Can I order some dinner, please?\nAI: Of course, let's get started. Can I get your name?\nUser: Sure. It's Eddie.\nAI: Thanks, Eddie. And your phone number?\nUser: 9 1 7 2 8 2 1 8 5 4.\nAI: Got it. Eddie, will this be for pickup or delivery?\nUser: Well, before I do that, can I ask you some questions about the menu?\nAI: Absolutely. Would you like to know about the menu?\nUser: Whatever you think is the best appetizer, the best entree, and the best dessert. Just give me 1 of each.\nAI: Great choices. Here are my recommendations. Appetizer, chicken satay is a classic favorite. Juicy grilled skewers with a delicious peanut sauce. Main course, the\nUser: Are are there any allergies I should be worried about with any of these dishes?\nAI: Great question. Here's the allergy info. 1, chicken sati. Contains peanuts in the sauce So be cautious if you have a peanut allergy. 2, Malaysian.\nUser: Okay. You know what? Let me let me call...",
      "call_id": null,
      "campaign_id": null,
      "classified_at": "2025-08-04T22:50:28.377412",
      "classification_method": "rule_based"
    },
    "+27630243759": {
      "disposition": "NP",
      "transcript": "User: You have reached the voice mail light service of 0 6 3 0 2 4 3 7 5 9. You don't need to leave a message.\nAI: Hello. My name's James calling from the dampened disrepair survey team.\n",
      "call_id": null,
      "campaign_id": null,
      "classified_at": "2025-08-04T22:50:30.943387",
      "classification_method": "rule_based"
    },
    "+27630243758": {
      "disposition": "A",
      "transcript": "User: You have reached the voice mail light service of 0 6 3 0 2 4 3 7 5 8. You don't need to leave a message.\nAI: Hello. My name's James calling from the dampened disrepair survey team.\n",
      "call_id": null,
      "campaign_id": null,
      "classified_at": "2025-08-04T22:50:35.293470",
      "classification_method": "rule_based"
    },
    "+27827885003": {
      "disposition": "NP",
      "transcript": "User: Hello?\nAI: Hello. My name's Ayinde calling from the damp and disrepair survey team. We're helping UK tenants whose council or housing association hasn't fixed major issues like damp or leaks It's just a 1 minute survey Is now a good time?\nUser: Yes.\nAI: Great. This doesn't affect your tenancy in any way and is completely no win. No fee. If you're happy to continue, I'll just ask\nUser: Can I ask you a question?\nAI: Of course, what would you like? Of course,\nUser: Can I ask you a question?\nAI: what would you like to ask?\nUser: Did where did you go to where did he go to school?\nAI: I appreciate your curiosity, but I'm here to help with your housing concerns. If you have any specific questions about that,\nUser: Are you a boy or girl?\nAI: feel I don't have a gender. But I'm here to assist you with your queries. If you're ready, can start with the question.\nUser: Are you an AI?\nAI: Yes. I'm an AI designed to assist you with your housing concerns. If you're ready to continue with the su...",
      "call_id": null,
      "campaign_id": null,
      "classified_at": "2025-08-04T22:50:38.056349",
      "classification_method": "rule_based"
    },
    "+61412345678": {
      "disposition": "DAIR",
      "transcript": "User: Sorry. A message could not be\n",
      "call_id": null,
      "campaign_id": null,
      "classified_at": "2025-08-04T22:50:45.823534",
      "classification_method": "rule_based"
    }
  }
}