CONTACT NUMBER,TITLE,FIRST NAME,LAST NAME,ADDRESS 1,ADDRESS 2,ADDRESS 3,CITY,POST CODE
+27630243757,Ms,Lorraine,Jackson,52 Sheffield Square,,,London,E3 2BZ
+27734141844,Mrs,Helen,Mayhead,157 Stanley Avenue,,,Portsmouth,PO3 6PW
+27717102472,Ms,Wendy,Hazledine,54 Grantham Rd,,,Nottingham,NG12 2HS
+27829876543,,Natalie,Hall,40 Wheldrake Avenue,,,BIRMINGHAM,B34 6TX
+13127306424,Mr,John,Smith,123 Main Street,Apt 4B,,New York,10001
+447911123456,Dr,Emma,Wilson,456 Oak Avenue,,Building A,Manchester,M1 1AA 