{
  "metadata": {
    "created_at": "2025-08-02T22:25:58.345385",
    "total_classifications": 10,
    "last_updated": "2025-08-02T22:26:38.845090"
  },
  "classifications": {
    "+13127306424": {
      "disposition": "NP",
      "transcript": "User: Please leave your message for\nAI: Hello. My name's James calling from the dampened disrepair survey team. We're helping UK tenants whose council or housing association hasn't fixed major issues like damp or leaks. It's just a 1 minute survey. Is now a good time?\n",
      "call_id": null,
      "campaign_id": null,
      "classified_at": "2025-08-02T22:26:01.270732",
      "classification_method": "rule_based"
    },
    "+27734141844": {
      "disposition": "A",
      "transcript": "User: Your call has been forwarded to voice mail. The person you're trying to reach is not available.\nAI: Hello. My name's James calling from the dampened disrepair survey team. We're helping UK tenants whose council or housing association hasn't fixed major issues like damp or leaks. It's just a 1 minute survey. Is now a good time?\n",
      "call_id": null,
      "campaign_id": null,
      "classified_at": "2025-08-02T22:26:07.673350",
      "classification_method": "rule_based"
    },
    "Unknown": {
      "disposition": "NP",
      "transcript": "User: Hello?\nAI: Hi there. I'm just looking for James. Is that you?\nUser: Yes. Me. Why are you calling?\nAI: Brilliant. It's Donald here from Limelight. We helped you recently with your life insurance, and I'm just giving you a quick follow-up. It'll only take about 2 minutes. Is now a good time for a quick chat?\nUser: Yeah. It is. What do you think about the weather today?\nAI: Oh, it's been quite nice, hasn't it? A bit of sunshine always brightens the day. But back to the reason for my call. Do you already have a will in place at the moment?\nUser: Um, I don't.\nAI: That's absolutely fine. Thanks so much for letting me know. If you ever want help with it in the future, we're always around. Just before we wrap up, can I ask you a couple of quick things for data protection purposes?\nUser: Yeah. Sure.\nAI: Great. Thank you. Could you just confirm your date of birth for me?\nUser: The 20 eighth of the ninth. 2001.\nAI: Lovely. Thanks. And what's the best email address to get hold of you on?\nUse...",
      "call_id": null,
      "campaign_id": null,
      "classified_at": "2025-08-02T22:26:38.845090",
      "classification_method": "rule_based"
    },
    "+27630243757": {
      "disposition": "A",
      "transcript": "User: You have reached mailbox number 0 6 3 0 2 4 3 7 5 7.\nAI: Hello. My name's James calling from The Dump and disrepair survey team. We're helping UK tenants whose council or housing association hasn't fixed major issues like damp or leaks. It's just a 1 minute survey. Now a good time?\nUser: To listen to your message, press 2. To send your message, press 3. To change your message, press 4.\nAI: It seems you might be trying to access your voice mail. I'm here to help with any disrepair.\nUser: To listen to your message, press 2. To send your message, press 3. To change your message, press 4.\nAI: It looks like you're encountering a voice mail system if you're looking to reach me for a\nUser: To listen to your message, press\nAI: assistance regarding\nUser: 2. To send your message, press 3. To change your message, press 4.\nAI: It seems you're trying to navigate a voice mail system if you're looking to talk about any housing.\nUser: Your call will be ended. Thank you for calling.\n",
      "call_id": null,
      "campaign_id": null,
      "classified_at": "2025-08-02T22:26:11.206936",
      "classification_method": "rule_based"
    },
    "+27630243759": {
      "disposition": "A",
      "transcript": "User: You have reached the voice mail light service of 0 6 3 0 2 4 3 7 5 9. You don't need to leave a message.\nAI: Hello. My name's James calling from the dampened disrepair survey team.\n",
      "call_id": null,
      "campaign_id": null,
      "classified_at": "2025-08-02T22:26:13.171999",
      "classification_method": "rule_based"
    },
    "+27630243758": {
      "disposition": "NP",
      "transcript": "User: You have reached the voice mail light service of 0 6 3 0 2 4 3 7 5 8. You don't need to leave a message.\nAI: Hello. My name's James calling from the dampened disrepair survey team.\n",
      "call_id": null,
      "campaign_id": null,
      "classified_at": "2025-08-02T22:26:17.783561",
      "classification_method": "rule_based"
    },
    "+923256914998": {
      "disposition": "CALLBK",
      "transcript": "AI: Hello. My name is Emma calling from the Damp and Disrepair survey team. We're helping UK tenants whose counts or housing association hasn't fixed major issues like damp or leaks. It's just a 1 minute survey. Is now a good time?\nUser: No. I Okay. That's\nAI: No worries at all. When would be a better time for me to call you back?\n",
      "call_id": null,
      "campaign_id": null,
      "classified_at": "2025-08-02T22:26:17.620352",
      "classification_method": "rule_based"
    },
    "+19172821854": {
      "disposition": "CALLBK",
      "transcript": "AI: Hello. Welcome to Goody's Restaurant. What can I help you with?\nUser: Can I order some dinner, please?\nAI: Of course, let's get started. Can I get your name?\nUser: Sure. It's Eddie.\nAI: Thanks, Eddie. And your phone number?\nUser: 9 1 7 2 8 2 1 8 5 4.\nAI: Got it. Eddie, will this be for pickup or delivery?\nUser: Well, before I do that, can I ask you some questions about the menu?\nAI: Absolutely. Would you like to know about the menu?\nUser: Whatever you think is the best appetizer, the best entree, and the best dessert. Just give me 1 of each.\nAI: Great choices. Here are my recommendations. Appetizer, chicken satay is a classic favorite. Juicy grilled skewers with a delicious peanut sauce. Main course, the\nUser: Are are there any allergies I should be worried about with any of these dishes?\nAI: Great question. Here's the allergy info. 1, chicken sati. Contains peanuts in the sauce So be cautious if you have a peanut allergy. 2, Malaysian.\nUser: Okay. You know what? Let me let me call...",
      "call_id": null,
      "campaign_id": null,
      "classified_at": "2025-08-02T22:26:20.872723",
      "classification_method": "rule_based"
    },
    "+27827885003": {
      "disposition": "NP",
      "transcript": "User: Hello?\nAI: Hello. My name's Ayinde calling from the damp and disrepair survey team. We're helping UK tenants whose council or housing association hasn't fixed major issues like damp or leaks It's just a 1 minute survey Is now a good time?\nUser: Yes.\nAI: Great. This doesn't affect your tenancy in any way and is completely no win. No fee. If you're happy to continue, I'll just ask\nUser: Can I ask you a question?\nAI: Of course, what would you like? Of course,\nUser: Can I ask you a question?\nAI: what would you like to ask?\nUser: Did where did you go to where did he go to school?\nAI: I appreciate your curiosity, but I'm here to help with your housing concerns. If you have any specific questions about that,\nUser: Are you a boy or girl?\nAI: feel I don't have a gender. But I'm here to assist you with your queries. If you're ready, can start with the question.\nUser: Are you an AI?\nAI: Yes. I'm an AI designed to assist you with your housing concerns. If you're ready to continue with the su...",
      "call_id": null,
      "campaign_id": null,
      "classified_at": "2025-08-02T22:26:21.909666",
      "classification_method": "rule_based"
    },
    "+61412345678": {
      "disposition": "DAIR",
      "transcript": "User: Sorry. A message could not be\n",
      "call_id": null,
      "campaign_id": null,
      "classified_at": "2025-08-02T22:26:36.807478",
      "classification_method": "rule_based"
    }
  }
}