{
  "target_number": "+1",
  "unique_numbers_called": [
    "+27609710972",
    "+27734141844",
    "+27630243757",
    "+27233339383",
    "+13127306424",
    "+27827885003",
    "Unknown"
  ],
  "call_summary": [
    {
      "call_id": "05c5350d-a7d2-4f03-9409-fecfcd0fdec2",
      "customer_number": "+27827885003",
      "status": "ended",
      "created_at": "2025-07-27T21:58:26.696Z",
      "transcript": "AI: Hello. My name is Emma calling from the Damp and Disrepair survey team. We're helping UK tenants whose council or housing association hasn't fixed major issues like damp or leaks. It's just a 1 minute survey. Is now a good time?\nUser: Yes. Please proceed.\nAI: Great. And just to start, are you based in England or Wales?\nUser: And basin wells.\nAI: No worries at all. This survey only applies to those regions. But thank you for your time.\nUser: I'm from Wales.\nAI: That's perfect. Great to hear. Just checking. Do you own your home, or are you renting from a council or housing association?\nUser: rent.\nAI: Thank you for that. Just to confirm, are you renting from a council or a housing association?\nUser: I'm renting from a console.\nAI: Thank you for clarifying that. Now could you tell me roughly how many people live in your household?\nUser: 5.\nAI: Got it. Thank you. In the past year, have you had any problems at home? Like damp, mold, leaks, faulty heating? Or boiler issues,\nUser: All of them.\nAI: Sorry to hear that. Just so I understand your situation better, which of those issues have you experienced?\nUser: All of the issues that you mentioned.\nAI: Thank you for sharing that. Did you report those issues to your council or housing association when they came up?\nUser: No.\nAI: I see, just to understand better, was there a specific reason you didn't report the issues?\nUser: My phone got stolen.\nAI: I understand it can be really challenging when something like that happens. Roughly, how many times did you manage to report any issues before your phone was stolen?\nUser: Nothing. 0.\nAI: Thank Thank you for clarifying that. On a scale of 1 to 5, how responsive would you say your council was to any issues? If you had reported them, where 1 means they never responded, and 5 means they resolved it properly?\nUser: I just said I didn't report them.\nAI: You're right. My apologies for that oversight. Thank you for your patience. Have you ever had issues with pests like rats? Mice or cockroaches in the property?\nUser: Okay. I need to run now. Can you call me back later?\nAI: Absolutely. I can call you back later. When would be a good time for me to reach you?\nUser: Next year.\nAI: I understand. However, I recommend following up sooner. Especially since you have some ongoing issues.\nUser: Can I\nAI: Would it be alright if I called you back sometime?\nUser: can I kiss you?\nAI: I appreciate the sentiment, but I'm just a voice here to help you. If you have any other questions or need assistance, feel free to ask.\nUser: Can you moan for me and give me a phone sec?\nAI: I'm\nUser: Hello?\nAI: Hello? I'm still here. How can I assist\nUser: Hello?\nAI: you today?\nUser: Fuck it.\n",
      "disposition": "CALLBK",
      "duration": 173
    },
    {
      "call_id": "7d82aa16-62e2-4dab-b2ad-34890ea0d93f",
      "customer_number": "Unknown",
      "status": "ended",
      "created_at": "2025-07-27T14:49:11.584Z",
      "transcript": "User: That's\nAI: Hello. Welcome to Goody's Restaurant. What can I help you with?\nUser: you with. Hi. Uh, I'm very hungry. Hi there. What can I assist you\nAI: Hi there. What can I assist\nUser: I can see it? So it's not on the call now. So it's my laptop when you're speaking, it cuts off. It's on the call, it doesn't do it. Okay. Now I think it's my speaking. It\nAI: It seems like there might be some technical\nUser: It seems like there might be some technical issues\n",
      "disposition": "NP",
      "duration": 80
    },
    {
      "call_id": "59315c54-5ea1-4ae8-a1a2-0d4f914fa48c",
      "customer_number": "Unknown",
      "status": "ended",
      "created_at": "2025-07-27T14:48:04.214Z",
      "transcript": "AI: Hello. My name's Emma. Calling from the damp and disrepair survey team. We're helping UK tenants whose council or housing association hasn't fixed major issues like damp or leaks. It's just a 1 minute survey. Is now a good time?\nUser: Yes. It's a good time?\nAI: Great. Just to start, are you based in England or Wales?\nUser: I'm based in England.\nAI: Awesome. And just checking, do you own your home? Or are you renting from a council or housing association?\nUser: I own it.\nAI: This particular survey only applies to social housing tenants, so I can't continue with the survey. But thank you for picking up, and I hope you have a great day.\nUser: Thank you. Bye.\n",
      "disposition": "HO",
      "duration": 84
    },
    {
      "call_id": "53005139-07f0-49ac-93d2-9dfca856288b",
      "customer_number": "Unknown",
      "status": "ended",
      "created_at": "2025-07-27T14:46:26.703Z",
      "transcript": "",
      "disposition": "DAIR",
      "duration": 8
    },
    {
      "call_id": "29874747-74ec-496f-96ba-fbcb5da2e8b3",
      "customer_number": "+13127306424",
      "status": "ended",
      "created_at": "2025-07-27T09:32:24.339Z",
      "transcript": "AI: Hello. My name's Emma. Calling from the damping disrepair survey team. We're helping you UK tenants whose council or housing association hasn't fixed major issues like damp or leaks. It's just a 1 minute survey. Is now a good time?\n",
      "disposition": "NP",
      "duration": 65
    },
    {
      "call_id": "4c54eced-b5f5-41ee-ba55-5b801aec0bb8",
      "customer_number": "+13127306424",
      "status": "ended",
      "created_at": "2025-07-27T09:30:53.352Z",
      "transcript": "AI: Hello. Welcome to Goodie's Restaurant. What can I help you with?\nUser: Hey. What's on the menu?\nAI: Here's what's on the menu today. Starters, chicken saute, mango cucumber salad, mains, Malaysian cottage pie, panko coconut shrimp desserts. Lemongrass brulee creme, waffle bites, drinks, iced Thai milk tea, Fiji water, fresh lime soda,\nUser: What are the what are the prices for the the Thai's tea?\nAI: The iced Thai milk tea is 18 dirhams.\n",
      "disposition": "NP",
      "duration": 67
    },
    {
      "call_id": "86256302-ab67-4a28-a85a-45c0d2205a11",
      "customer_number": "Unknown",
      "status": "ended",
      "created_at": "2025-07-26T23:24:03.233Z",
      "transcript": "AI: Hello. This is Alex from SaaS voice support. How can I assist you today?\nUser: I'd like to check my refund status.\nAI: Alright, I can help with that. Could you please provide your text number? It usually starts with 7. Or 8. And is 13 digits long.\nUser: It's 7 7 0 9 8 7 6 5 4 3 0 0 3.\nAI: Let me quickly check that for you. 1 moment, please. It seems I couldn't\nAI: retrieve any information for the provided tax number. This could happen if there's an issue with the account\n",
      "disposition": "NP",
      "duration": 86
    },
    {
      "call_id": "46799a4c-0093-447d-8df1-f219393fabe5",
      "customer_number": "Unknown",
      "status": "ended",
      "created_at": "2025-07-26T23:23:12.625Z",
      "transcript": "AI: Hello. This is Alex from SaaS voice support. How can I assist you today?\nUser: Okay.\n",
      "disposition": "DAIR",
      "duration": 5
    },
    {
      "call_id": "ff72309e-a7ee-471d-892f-09f66ca06b1c",
      "customer_number": "Unknown",
      "status": "ended",
      "created_at": "2025-07-26T23:18:22.248Z",
      "transcript": "AI: Hello. This is Alex from SaaS voice support. How can I assist you today?\nUser: Hi. I'd like to check my refund status.\nAI: Sure. To check your refund status, I'll need your tax reference number. Could you please provide it? It's a 13 digit number that usually starts with a 7 or 8.\nUser: It's, uh, 7 7 0 9 8 7 6 5 4 3 0 0 3.\nAI: Let me quickly check that for you. 1 moment, please.\nAI: It seems I couldn't find any details with that tax reference number.\nAI: Just to make sure everything's correct,\n",
      "disposition": "NP",
      "duration": 79
    },
    {
      "call_id": "eb55683e-c6bb-464b-bea4-d4912ee1ab69",
      "customer_number": "Unknown",
      "status": "ended",
      "created_at": "2025-07-26T23:10:41.780Z",
      "transcript": "AI: Hello. This is Alex from SaaS voice support. How can I assist you today?\nUser: When do I have to register for tax?\nAI: Good question. In South Africa, you generally need to register for tax with SARS if. A 1, your earning income If your total annual income exceeds the tax threshold, set by SAAS, you must register as a taxpayer. For the 2023, 2024 tax year, the tax threshold is r 9. 5 7 5 0 individuals under 65 years old.\n",
      "disposition": "NP",
      "duration": 72
    },
    {
      "call_id": "5c08dc9b-43fd-4724-aace-587f3d583a19",
      "customer_number": "Unknown",
      "status": "ended",
      "created_at": "2025-07-26T23:05:44.974Z",
      "transcript": "AI: Hello. This is Alex from SaaS voice support. How can I assist you today?\nUser: Can I get my refund status?\nAI: Sure. To help you with your refund status, could you please provide your tax reference number? It's a 13 digit number that typically starts with 7 or 8.\nUser: It is 9 0 0 1 2 3 4 5 6 7 0 0 1.\nAI: It looks like the tax reference number you've provided doesn't quite fit the usual format. It generally starts with a 7 or 8, and is 13 digits long. Could you double check that numb could you please provide your\nUser: Okay. Okay. It is it's 7 7 0 9 8 7 6 5 4 3 0 0 3.\nAI: Let me quickly check that for you. 1 moment, please.\n",
      "disposition": "NP",
      "duration": 104
    },
    {
      "call_id": "d1f97f65-cef1-446c-9b97-68b9112b8642",
      "customer_number": "Unknown",
      "status": "ended",
      "created_at": "2025-07-26T22:57:37.126Z",
      "transcript": "AI: Hello. This is Alex from SaaS voice support. How can I assist you today?\nUser: Hi. Can I please get my refund status?\nAI: Just to help you better, could you please tell me your South African ID number? It should be 13 digits and usually starts with your birth year.\nUser: It is 9 0 0 1 2 3 4 5 6 7 0 0 1.\nAI: Let me quickly check that for you. 1 moment, please.\nAI: It seems like there was an issue retrieving that info.\nAI: Sometimes systems act up. I recommend contacting SARS directly at 0\n",
      "disposition": "NP",
      "duration": 71
    },
    {
      "call_id": "76047347-37c1-4172-b4b8-ec1055ae3ea2",
      "customer_number": "Unknown",
      "status": "ended",
      "created_at": "2025-07-26T22:51:34.193Z",
      "transcript": "AI: Hello. This is Alex from SaaS voice support. How can I assist you today?\nUser: I would like to get my refund status.\nAI: Alright. Just to help you better, could you please provide your 13 digit tax number? It usually looks something like 7 7 9 8 7 6 5 4 3. 0 3.\nUser: Okay. It is 9 0 0 1 2 3 4 5 6 7 0 0 1.\nAI: Let me quickly check that for you. 1 moment, please.\nAI: It seems there was an issue with retrieving the refund status.\nAI: You may need to\nUser: Oh, it died.\n",
      "disposition": "DAIR",
      "duration": 14
    },
    {
      "call_id": "fd0dfccc-7505-4b2d-8929-090331182eb8",
      "customer_number": "Unknown",
      "status": "ended",
      "created_at": "2025-07-26T22:45:47.329Z",
      "transcript": "AI: Hello. This is Alex from SaaS voice support. How can I assist you today?\nUser: I would like to check my refund status.\nAI: Sure thing. Just to help you better, could you please tell me your tax number? It's usually a 13 digit number. Like 7 7 0 9 8 7 6 5 4 3. 0 0 3.\nUser: Okay. My text number is 9 0 0 1 2 3 4 5 6 7 0 0 1.\nAI: Let me quickly check that for you. 1 moment, please.\nAI: It looks like there's an issue retrieving your refund status.\nAI: This might need a deeper review by a SARS agent directly.\n",
      "disposition": "NP",
      "duration": 78
    },
    {
      "call_id": "6ba184a9-5922-4638-a9ea-a46a86ec6673",
      "customer_number": "Unknown",
      "status": "ended",
      "created_at": "2025-07-26T22:45:33.055Z",
      "transcript": "AI: Hello. This is Alex from SaaS voice support. How can I assist you today?\n",
      "disposition": "NP",
      "duration": 40
    },
    {
      "call_id": "af332c9e-3e7f-4796-b22c-73c376c919e5",
      "customer_number": "Unknown",
      "status": "ended",
      "created_at": "2025-07-26T22:43:09.598Z",
      "transcript": "AI: Hello. This is Alex from SARS voice support. How can I assist you today?\nUser: Hi. I would like to see if I got my tax refund.\nAI: Alright. Let's check on that for you. You please share your 13 digit tax number? It's something like 7 7 0 9 8 7 6 5 4 3 0 0 3.\nUser: Okay. That is my tax number.\nAI: Got it. Thanks. Let me check your refund status right away. Please give me a moment.\nAI: Let me quickly check that for you. 1 moment, please. It seems there was a bit of an issue retrieving the refund\nAI: Sometimes these things happen. I recommend contacting a SARS agent directly. At 0 800 0 7 2 7 7 for assistance. Or you can book an appointment online at saas dot gov dot z a. There's anything else I can assist with, feel free to let me know.\n",
      "disposition": "NP",
      "duration": 104
    },
    {
      "call_id": "97af3364-6ef4-40bd-8a6d-1c799f2cb75f",
      "customer_number": "Unknown",
      "status": "ended",
      "created_at": "2025-07-26T22:42:46.241Z",
      "transcript": "",
      "disposition": "DAIR",
      "duration": 5
    },
    {
      "call_id": "5c2898b4-75fb-487c-a343-7d141269c36a",
      "customer_number": "Unknown",
      "status": "ended",
      "created_at": "2025-07-26T16:32:23.989Z",
      "transcript": "AI: Hello. My name is Emma calling from the Dump and Dis repair survey team. We're helping UK tenants whose council or housing association hasn't fixed major issues like damp or leaks. It's just a 1 minute survey Is now a good time?\nUser: Yes. It's a good time.\nAI: Great. Just to start, are you based in England or Wales?\nUser: I'm based in England.\nAI: Thanks. And just checking, do you own your home, or are you renting from a council or housing association?\nUser: I ran from the council.\nAI: Thank you for clarifying that. Got it. And how many people are in your household?\nUser: 4.\nAI: Okay. Thanks. In the past year, have you had any problems at home? Like damp, mold, leaks, faulty heating, or boiler issues?\nUser: We've had mold and leaks\nAI: I'm sorry to hear that. Which of those have you experienced? Just so I understand your situation better.\nUser: Uh, we've experienced both.\nAI: You for sharing that. Did you report those issues to your accounts or housing association when they came up?\nUser: Yeah.\nAI: Thanks for confirming that. Roughly, how many times did you report it? Was it less than 5 times, 5 to 10, or more than 10 times?\nUser: It was about 5 times.\nAI: Got it. How responsive would you say they were? On a scale of 1 to 5, where 1 is they never responded and 5 is they resolved properly.\nUser: 1.\nAI: I'm sorry to hear that their response wasn't helpful, Have you ever had issues with pests like rats, mice, or cockroaches in the property?\nUser: Yeah. We've had rats.\nAI: And did the counts or housing association sort that out, or did they leave you to deal with it?\nUser: They left me to deal with it.\nAI: Thanks so much for sharing all that. Based on what you've told me, I'll pass this to our disrepair claims team. They might be able to get repairs done faster or even win you compensation. When would be a good time for them to call you back?\n",
      "disposition": "CALLBK",
      "duration": 173
    },
    {
      "call_id": "3e3ac8f8-c244-4a5a-9ce5-c5415c667645",
      "customer_number": "+27609710972",
      "status": "ended",
      "created_at": "2025-07-26T13:52:33.975Z",
      "transcript": "AI: Hello. My name is Emma calling from the Dampen Dis repair survey team. We're helping UK tenants whose council or housing association hasn't fixed major issues like damp or leaks. It's just a 1 minute survey Is now a good time?\nUser: Yes.\nAI: Great. Just to start, are you based in England or Wales?\nUser: England.\nAI: Perfect. And just checking, do you own your home, or are you renting from a council or housing association?\nUser: I rent from the council.\nAI: That's great to hear. Now how many people live in your household?\nUser: 4.\nAI: Got it. In the past year, have you had any problems at home, like damp? Mold, leaks, faulty heating, or boiler issues?\nUser: I've had mold and leaks\nAI: Thank you for sharing that. Did you report those issues your council when they came up?\nUser: Yes. I did.\nAI: Thank you. Was it less than 5 times, 5 to 10, or more than 10 times that you reported it?\nUser: About 5 times.\nAI: How responsive would you say they were on a scale of 1 to 5 where 1 is they never responded and 5 is they resolved it properly?\nUser: 1.\nAI: I'm sorry to hear that. Have you ever had issues with pests like rats, mice, or cockroaches in the property?\nUser: Yeah. What's the rest?\nAI: Did the council or housing association sort that pest problem out? Or did they leave you to deal with it?\nUser: They left me to deal with it.\nAI: Thanks so much for sharing all that. Based on what you've told me, I'll pass this to our disrepair claims team They might be able to get repairs done faster or even win you compensation. When would be a good time for them to call you back?\n",
      "disposition": "CALLBK",
      "duration": 178
    },
    {
      "call_id": "3a5068a9-80ba-40c9-9b56-b3db0f29733f",
      "customer_number": "+27734141844",
      "status": "ended",
      "created_at": "2025-07-26T13:48:44.687Z",
      "transcript": "AI: Hello. My name is Emma calling from the Dump and Dis repair survey team. We're helping UK tenants whose council or housing association hasn't fixed major issues like damp or leaks It's just a 1 minute survey Is now a good time?\nUser: Yes. This is Sam.\nAI: Just to start, are you based in England or Wales, Sam? England.\n",
      "disposition": "PR",
      "duration": 75
    },
    {
      "call_id": "947cbd2c-492f-4e46-b2f4-60ea5761e501",
      "customer_number": "Unknown",
      "status": "ended",
      "created_at": "2025-07-26T00:14:57.364Z",
      "transcript": "AI: Hello. My name is John calling from the Damp and Dis repair survey team. We're helping UK tenants whose council or housing hasn't fixed major issues like damp or leaks. It's just a 1 minute survey. Is now a good time?\n",
      "disposition": "NP",
      "duration": 48
    },
    {
      "call_id": "0a4a81ef-20ce-4eec-8f95-72f9af66f305",
      "customer_number": "Unknown",
      "status": "ended",
      "created_at": "2025-07-26T00:14:06.795Z",
      "transcript": "AI: Hello. My name is John calling from the Damp and Dis repair survey team. We're helping UK tenants whose count council or housing association hasn't fixed major issues like damp or leaks. It's just a 1 minute survey. Is now a good time?\n",
      "disposition": "NP",
      "duration": 48
    },
    {
      "call_id": "a01fe5df-7dd3-46df-b41c-f5c961b764cb",
      "customer_number": "Unknown",
      "status": "ended",
      "created_at": "2025-07-26T00:12:37.832Z",
      "transcript": "AI: Hello. This is Alex from SARS voice support. How can I assist you today?\nUser: How do I file my VAT returns?\nAI: Filing VAT returns are straightforward if you follow these steps. Let me guide you. 1, log in to eFiling. Start by visiting saus dot gov say h t p s o w w w dot saus\n",
      "disposition": "NP",
      "duration": 70
    },
    {
      "call_id": "f2bc152b-d140-4cbf-8585-add56a2c59d3",
      "customer_number": "Unknown",
      "status": "ended",
      "created_at": "2025-07-26T00:11:59.934Z",
      "transcript": "AI: Hello. This is Alex from SARS voice support. How can I assist you today?\nUser: How do I file my veterans' arms?\nAI: It sounds like you might have meant file my returns. Rather than veteran's arms. If you're asking about filing your tax returns, I can definitely help guide you through that. Could you let me know if you're filing as an individual or for a business?\nUser: What is that?\n",
      "disposition": "NP",
      "duration": 64
    },
    {
      "call_id": "592af4ce-ee67-4f25-b011-4dc5bec2e065",
      "customer_number": "Unknown",
      "status": "ended",
      "created_at": "2025-07-26T00:08:01.628Z",
      "transcript": "AI: Hello. This is Alex from SARS voice support. How can I assist you today?\nUser: How do I find my VAT returns?\nAI: To find your VAT returns, you'll need to follow a few steps on e filing. First, log in to your e filing account. Then, click on returns history. After that, select the VAT option to view your returns.\nUser: I take a check.\nAI: Let me know if you need more detailed help\nUser: It's an idiot.\nAI: Great. I'm sorry if my response wasn't helpful, caused frustration. Let's start fresh. What I understand\nUser: You're dumb.\nAI: I'm here to assist you. Let me know how I can help you with your query.\nUser: That and c v a t s v e t.\nAI: I understand VAT related processes can be tricky. Let's find a way forward together.\n",
      "disposition": "NP",
      "duration": 90
    },
    {
      "call_id": "63e2ba90-5c14-4092-8720-971c714f9e63",
      "customer_number": "Unknown",
      "status": "ended",
      "created_at": "2025-07-26T00:03:30.607Z",
      "transcript": "AI: Hello. This is Alex from SARS voice support. How can I assist you today?\nUser: Um, how do I file for my VAT returns?\nAI: To file your VAT return, here's what you'll need to do. 1, log in to your e filing account. 2, look for the returns menu and select v a t 2 0 1 3. Access the VAT 2 0 1 return for the period you're filing for. 4, complete each section by entering your VAT details. 5,\n",
      "disposition": "NP",
      "duration": 72
    },
    {
      "call_id": "35adbc6d-ff8e-424d-8b5c-15cdf27746fc",
      "customer_number": "Unknown",
      "status": "ended",
      "created_at": "2025-07-25T23:58:14.056Z",
      "transcript": "AI: Hello. This is Alex from SARS voice support. How can I assist you today?\nUser: Um, how do I submit my VAT returns?\nAI: Alright. Submitting your VAT returns is pretty straightforward. Here's a simple guide for you. First, log in to your e filing account. Once you're in, look for the returns tab and select\nUser: Okay. Okay. What is the SAWS website?\nAI: the SARS website can be found at SARS dot gov dot a s a. Just search for VAT returns the search bar for more information.\n",
      "disposition": "NP",
      "duration": 71
    },
    {
      "call_id": "c3ba79fc-6cf4-4283-a4e1-2cc0d42eb977",
      "customer_number": "Unknown",
      "status": "ended",
      "created_at": "2025-07-25T23:25:26.987Z",
      "transcript": "AI: Hello. This is Alex from SARS voice support. How can I assist you today?\nUser: Um, I went to dispute and assessment What do I do?\nAI: I understand that disputes can be a bit tricky. Let's work through it together. First, are you disputing an assessment for an individual or a business?\nUser: It's for my business.\nAI: Thanks for clarifying. Here's what you need to do for disputing a business assessment. 1, review the assessment. Ensure you understand the details of the assessment you're disputing. 2, prepare supporting documents. Gather any necessary documents that support your case. 3, log in to e filing. Access the eFiling portal with your business details. 4, initiate dispute. Click on the disputes section and follow the prompts to lodge a dispute.\nUser: Okay. Can you can you guide me on, um,\nAI: 5.\nUser: how to file my tax return on e filing?\nAI: No problem. Let's go through it step by step. 1, log in to your eFiling account using your username and password. 2, select returns from the top menu. Then choose returns issued. 3.\nUser: Okay. When is when is the when is the tax season in South Africa?\nAI: Great question. For individuals and trusts, the tax season usually runs from July to October each year. For provisional taxpayers filing electronically, it may extend until January of the following year. However, tax season dates can vary, so it's best to double check SARs notices or reminders. Let me know if you'd like anything else explained.\nUser: Uh, what is an IRP 5 phone?\nAI: An IOP 5 is a document that outlines your income, deductions, benefits, and pay out by by payers you earn. Tax paid during a tax year. Is issued by your employer, and is essential for filing your tax return. You'll use it to report your earnings and calculate your tax liability. Does that help?\nUser: And how do I get my tax number?\nAI: If you're registered with SARS, your tax number should be on any correspondence from them. Like your notice of registration or your past IRP 5 forms. You can also find it on your e filing profile or by contacting SARS directly. At 0 800 7 2 7 7. If you haven't registered, you'll need to do so on the SARS website. Or add a SARS branch. Let me know if there's something else I can help with.\nUser: What's an I t a 34 form?\nAI: An ITA 34 is a notice of a assessment from SARS, that shows the result of processing your tax return. It indicates whether you owe additional tax or will receive a refund. Carefully review it to ensure all information is correct. Let me know if you need help understanding any part of it.\nUser: Um, how should a business recognize fringe benefits?\nAI: Recognizing fringe benefits involves assessing any extras provided to employees beyond their regular pay.\n",
      "disposition": "NP",
      "duration": 129
    },
    {
      "call_id": "be3c165a-3f28-4a43-8955-474778b805fe",
      "customer_number": "+27734141844",
      "status": "ended",
      "created_at": "2025-07-25T21:20:27.666Z",
      "transcript": "AI: Hello. My name is John. Calling from the damp and disrepair survey team. We're helping UK tenants whose council or housing association hasn't fixed\n",
      "disposition": "NP",
      "duration": 46
    },
    {
      "call_id": "28c47b61-c30c-4084-8983-ed9093096467",
      "customer_number": "+27734141844",
      "status": "ended",
      "created_at": "2025-07-25T21:20:00.871Z",
      "transcript": "AI: Hello. Welcome to Goody's Restaurant. What can I help you with?\n",
      "disposition": "NP",
      "duration": 35
    },
    {
      "call_id": "5ebfd2f9-9143-4ef1-9a58-29cdb8fadcb1",
      "customer_number": "+27233339383",
      "status": "ended",
      "created_at": "2025-07-25T20:37:27.849Z",
      "transcript": "No transcript available",
      "disposition": "DAIR",
      "duration": 8
    },
    {
      "call_id": "0e8b12fe-d237-471c-8134-1a0fb5a9ddea",
      "customer_number": "Unknown",
      "status": "ended",
      "created_at": "2025-07-25T16:26:25.900Z",
      "transcript": "AI: Hello. This is Alex from SARS voice support. How can I assist you today?\nUser: How do I get my tax number?\nAI: Great question. You can get your tax number by following these steps. 1, register for e filing. Go to the SARS e filing website. And register if you haven't already. To complete the registration fill in your personal and contact details, accurately, free, Get registered. Once registered, you'll receive your tax number via the contact details you provided. If you've already registered for e filing but can't find your tax number, you can log in and check your profile details. If you still face any issues, it might be best to call SARS at 0 800 7 2 7 7 for assistance. Is there anything else you'd like to know?\nUser: What is an IRP 5 form?\nAI: An IRP 5 form is a vital document provided by your employer. Let me break it down for you. 1, purpose. It summarizes your income, deductions, and tax paid during the tax year. SAAS uses this to assess whether you've paid the correct amount of tax. 2, contents. It includes information about your salary, bonuses, UIF contributions, PAYE, pay as you earn, other deductions. 3, who provides it? Your employer gives you the IRP 5 at the end of the tax year or upon leaving your job. You'll need this form when filing your tax return. Let me know if you need help understanding it further how to use it in e filing.\nUser: What is the difference between payers you earn and provisional tax?\nAI: Great question. Here's a simple breakdown of PIE, pay as you earn, versus provisional tax. Hansham Charlo, pay I e. Pay as you earn. 1. What it is.\nUser: Hello?\nAI: It seems I got cut off there. Let's try that again. Here's a simple breakdown. Pay a e, pay as you earn. 1. What it is. A system where taxes deducted from your salary by your employer each month and paid to SARS. 2. Who it's for. Salaried employees and workers with regular income. Provisional tax, 1. What it is, a tax payment method based on estimated\nUser: Okay. I want to want to disputes and assessments. What do I do?\nAI: If you want to dispute an assessment from SARS, you'll need to follow the objection process. Here's a step by step guide. 1, log in to e filing.\nUser: Okay.\n",
      "disposition": "NP",
      "duration": 112
    },
    {
      "call_id": "2809d030-4926-4734-9ee2-5df20baeeb05",
      "customer_number": "Unknown",
      "status": "ended",
      "created_at": "2025-07-25T15:51:43.543Z",
      "transcript": "AI: Hello. This is Alex from SARS voice support. How can I assist you today?\nUser: I need help finding my personal income. Tax number.\nAI: I can guide you on where to find your text number. It's typically on your IRP 5 or ITA 34 documents. Or any previous tax filing confirmations from SARS. You can also review your e filing profile where it should be on your main account page. If you're unable to locate it through these methods, I recommend contacting SARS directly. At 0 800 7 2 7 7 for assistance. Let me know if you need help with anything else.\nUser: You help me register for e filing?\nAI: Sure. I can help with that. Let's go through the steps. Step 1, visit the SARS e filing website. At saa c filing dot c o z. H t t p s sarsi filing dot c c o z a. Step 2. Click on register. At the top right of the screen. Step 3, provide your personal information. Including your ID number, text number, and contact details. Step 4, create a username and password for your e filing account. Step 5, follow the prompts to complete the registration process. Once you've completed these steps, you should receive a confirmation email Let me know if you've done that. And I can guide you further.\nUser: I've done that. I'm fine.\nAI: Great. I'm glad you got through it. Is there anything else you'd like help with? Perhaps something about tax returns or deadlines?\nUser: I need help finding my vet. Returns.\nAI: No problem. Let's go through it. Step by step. Step 1, log in to your e filing account. Step 2, click on returns issued on the top menu. Step 3, select VAT 2 0 1 from the drop down menu. Step 4, you'll see a list of all your issued VAT returns. You can click on any of them to view or complete them. Let me know if you need further assistance with any of these steps.\nUser: No. I'm fine. Thanks.\nAI: You're welcome. I'm glad I could help. If you have any more questions in the future, feel free to reach out. Have a great day, and good luck with your tax return.\nUser: Okay. I have a question. What is the difference between pay as you earn and provisional tax?\nAI: Sure. That's a great question. Let's break it down. Pay as you earn. P a I e. 1. Who? Employees earning a salary wage. 2, When? Withheld every payday by your employer. 3, How? Automatically deducted from your salary before you get paid. Provisional tax. 1. Who? Self employed individuals.\nUser: Okay. Why\nAI: Businesses,\nUser: why why did SARS auto auto assess me this year?\nAI: Auto assessment is a process where SARS uses your existing tax related data to automatically calculate your tax return. Without you needing to submit it yourself. This happens if 1, all your tax info like IRP 5 from your employer\n",
      "disposition": "NP",
      "duration": 126
    },
    {
      "call_id": "652933a2-aa25-460c-97bb-b47803842573",
      "customer_number": "Unknown",
      "status": "ended",
      "created_at": "2025-07-25T15:50:36.993Z",
      "transcript": "AI: Hello. This is Alex from SARS voice support. How can I assist you today?\nUser: Need help with my tax number.\nAI: Sure. I can help with that. Are you trying to find your tax number or register for a new 1?\n",
      "disposition": "NP",
      "duration": 57
    },
    {
      "call_id": "2feea4d9-42ff-40fa-b2c8-b2b4744d561a",
      "customer_number": "Unknown",
      "status": "ended",
      "created_at": "2025-07-25T15:42:49.520Z",
      "transcript": "AI: Hello. This is Alex from SARS voice support. How can I assist you today?\nUser: How do I get my tax number?\nAI: Okay. Are you an individual or are you asking on behalf of a business?\nUser: I'm an individual.\nAI: Great. To get your text number as an individual, need to register as a taxpayer with SARS. Do you have access to the e filing system? Or would you prefer instructions for visiting a SARS branch?\nUser: I do have access to the system.\nAI: Perfect. Here's what you need to do. 1, log in to your e filing account on the Saas website. 2, once logged in, go to the home tab. 3. Navigate to user. And then click on SARS registered details. 4, you'll find your tax number listed there. Let me know if you've done that. And if you need any further help.\nUser: Okay. And when is the tax season in South Africa?\nAI: Tax season in South Africa typically runs from July to November for individuals. However, the exact dates can vary each year, so it's a good idea to check on the SARS website or notices for the specific dates. Is there anything else you'd like help with?\nUser: What triggers a SaaS audit?\nAI: That's a great question. Audits can be triggered by discrepancies in your tax return, inconsistencies over the years, or large. Unusual claims. Random selection can also be a factor. If you're worried about something specific, you might want to review your filings or consult with SARS. Let me know if you need anything else.\nUser: Okay. And why did SAWs auto assess me this year?\nAI: Auto assessments are done to streamline the tax process. SARS may auto assess if they have sufficient data like your IRP 5 forms from employers. Is generally accurate, but you should always check the details. Did that help clarify things?\nUser: Um, not really. What is an IRP form?\nAI: No problem. An IOP 5 form is an employee's tax certificate issued by your employer. It summarizes your income, taxes deducted, and any other relevant financial details for the tax year. You'll use this when filing your tax return. Does that make more sense?\nUser: Um, Yeah. What penalties apply if I miss my VAT return deadline?\nAI: I understand. Missing the VAT return deadline can lead to penalties and interest on the unpaid VAT amount. Penalties can be a fixed amount or a percentage. Of the overdue tax. It's important to file on time. To avoid these costs. If you're facing specific issues, it might be a good idea to contact SARS directly. Anything else you need help with,\nUser: Can you guide me through how to file my tax return on e filing?\nAI: Absolutely. I can help with that. Here are the steps to file your tax return on e filing. 1, log in to eFiling. Go to the SARS e filing website. And log in with your username and password to Navigate to returns Go to the returns tab and select returns issued. 3, request your return. If your return isn't already listed, click on request return and choose the relevant tax year. 4, complete your return. Open the form and fill in all the required information. This includes your personal details, income, deductions, and any other relevant tax information. 5, upload supporting documents. Attach any supporting documents if needed. Such as your IRP 5 form. Medical certificates, or receipts. Submit your return. Once you've completed all sections, review the information for accuracy. Click submit to file your return. 7. Confirmation. You'll receive a confirmation notice on the e filing system. Make sure to save it for your records. Let me know if you need further details on any of these steps.\nUser: Okay. Can we go through it 1 by 1? So tell me 1 step at a time, but wait for me to finish each step. And then go on\nAI: Absolutely. Let's take it step by step. Step 1, log in to the SARS e filing website. Use your username and password to access your account. Let me know once you've done that. And I'll guide you to the next step.\nUser: Okay. I've done it.\nAI: Great. Step 2, navigate to the returns tab on the top menu. Select returns issued from the drop down menu. Let me know once you're there.\nUser: Okay. I'm there.\nAI: Excellent. Step 3, request your return. If it's not already listed. Click on request return and choose the relevant tax year. Once you've done that, let me know and we'll proceed to the next step.\nUser: K. I'm done.\nAI: Perfect. Step 4, complete your return. Open the form and start filling in the required information. This includes your personal details, income amounts, deductions, and other relevant tax information. Take your time to make sure everything is correct. Let me know once you've filled in the form and I'll guide you to the next step.\nUser: How do I upload supporting documents in SARS e filing?\nAI: Alright. Uploading supporting documents is an important step. Here's how you can do it. 1, while still in the return form, look for sections or fields that ask for specific documents.\n",
      "disposition": "NP",
      "duration": 113
    },
    {
      "call_id": "ce4c1309-ff20-41a6-8770-652b075d27f4",
      "customer_number": "Unknown",
      "status": "ended",
      "created_at": "2025-07-25T15:41:36.809Z",
      "transcript": "AI: Hello. This is Alex from SARS voice support. How can I assist you today?\nUser: Um, what is the difference between p a y e and provisional tax?\nAI: Great question. Pei Yi. Pay as you earn. And provisional tax serve different purposes. Payee. For individuals who are employees. Taxes deducted by the employer from your salary each month. It ensures taxes paid regularly throughout the year. Provisional tax for individuals or businesses that earn income not subjected to PAYE. E. G. Freelancers rental income. Requires payments twice a year based on estimated income, ensures taxes paid in installments instead of a lump sum at year end, I hope that clears it up. Do you have any other questions?\nUser: Yes. I do. How do I get my tech number?\nAI: No problem.\n",
      "disposition": "NP",
      "duration": 84
    },
    {
      "call_id": "f58962b7-6a90-4f52-9190-a1b80b738a18",
      "customer_number": "Unknown",
      "status": "ended",
      "created_at": "2025-07-25T15:39:48.061Z",
      "transcript": "AI: Hello. This is Alex from SARS voice support. How can I assist you today?\nUser: How do I register for tax for the first time?\nAI: Great question. Here are the steps to register for tax for the first time. 1, visit the SARS website. Go to saars dot gov caps, w w w dot saars gov bladzier. 2, navigate to e filing. Click on the e filing link. 3, register an e filing profile. Select register. Create an e filing profile. You'll need your personal details and ID number for complete the registration. Fill out the required information and submit. Once registered, you'll receive a tax reference number. Let me know if you need more help with any of these steps.\nUser: Can you repeat the steps, please?\nAI: Of course. Here are the steps to register for tax again. 1, visit the SAAS website. Go to duot saus dot gov dot z. 2. Navigate to e filing. Click on the e filing link on the website. 3, register an e filing profile. Select register\n",
      "disposition": "NP",
      "duration": 120
    },
    {
      "call_id": "1f040d13-ff57-4ae8-8de1-f2f055349d4e",
      "customer_number": "Unknown",
      "status": "ended",
      "created_at": "2025-07-25T12:20:25.231Z",
      "transcript": "AI: Hello. My name's John. Calling from the damp and disrepair survey team. We're helping UK tenants whose council or housing association hasn't fixed major issues like damp or leaks. Just a 1 minute survey Is now a good time?\nUser: Yes.\nAI: Great. Just to start, are you based in England or Wales?\nUser: England.\nAI: Perfect. And just checking, do you own your home, or are you renting from a council or housing association?\nUser: I rent from the council.\nAI: Thanks for that. Now how many people are in your household?\nUser: Oh,\nAI: Take your time. Just let me know when you're ready.\nUser: I said 4.\nAI: Got it. Thank you. In the past year, have you had any problems at home? Like damp, mold, leaks, faulty heating, or boiler issues?\nUser: I've had, uh, mold and leaks\nAI: Thank you for sharing that. Did you report those issues to your council or housing a association when they came up?\nUser: Yes.\nAI: Alright. How many times did you report it? Was it less than 5 times, 5 to 10, or more than 10 times?\nUser: About 5.\nAI: Got it. How responsive would you say they were on a scale of 1 to 5 where 1 is they never responded and 5 is they resolved it properly?\nUser: 1,\nAI: Thank you for that information. Have you ever had issues with pests like rats? Mice, or cockroaches in the property?\nUser: Yeah. Rats.\nAI: I'm sorry to hear that. Did the council or housing associate\nUser: It has me to deal with it.\nAI: Thank you for sharing all that information. Based on what you've told me, I'll pass this to our disrepair claims team They might be able to get repairs done faster or even help you win some compensation. When would be a good time for them to call you back?\n",
      "disposition": "CALLBK",
      "duration": 181
    },
    {
      "call_id": "6b718556-3214-4979-88a0-8d5f4def4ac2",
      "customer_number": "Unknown",
      "status": "ended",
      "created_at": "2025-07-25T11:54:19.750Z",
      "transcript": "AI: Hello. My name is John calling from the Damp and Disrepairs survey team. We're helping UK tenants whose council or housing hasn't fixed major issues like damp or leaks. Just a 1 minute survey Is now a good time?\nUser: Yes.\nAI: Great. Just to start, are you based in England or Wales?\nUser: England.\nAI: Perfect. And just checking, do you own your home, or are you renting from a council or housing association?\nUser: Aaron from the council.\nAI: Thank you for that information. Got it. And how many people are in your household?\nUser: 4\nAI: Thank you. In the past year, have you had any problems at home? Like damp, mold, leaks, faulty heating, or boiler issues?\nUser: We've had, uh, boiler issues and mold.\nAI: I appreciate you sharing that. Which of those have you experienced? Boiler issues, mold, or both?\nUser: Both.\nAI: Thanks for clarifying. Did you report those issues to your council or housing when they came up?\nUser: Yes.\nAI: Got it. How many times did you report it? Was it less than 5 times, 5 to 10, or more than 10 times?\nUser: 5 times.\nAI: Thank you. On a scale of 1 to 5, how responsive would you say they were, where 1 is they never responded and 5 is they resolved it properly?\nUser: 1\nAI: I understand like rats, mice, or cockroaches in the property?\nUser: Yeah. We've had rats.\nAI: Thanks for that. Did the council or housing associate pest problem, or did they leave you to deal with it?\nUser: They left me to deal with it.\nAI: Thanks so much for sharing all that. Based on what you've told me, I'll pass this to our disrepair claims team. They might be able to get repairs done faster or even win you compensation. When would be a good time for them to call you back? Sometime today or tomorrow.\nUser: Uh, tomorrow at 2 PM.\nAI: Perfect. I've scheduled a callback for tomorrow at 2 PM. Thank you for your time today, and I hope everything improves for you soon.\n",
      "disposition": "CALLBK",
      "duration": 187
    },
    {
      "call_id": "ddf32012-d2c4-4b07-8183-51ea88558121",
      "customer_number": "Unknown",
      "status": "ended",
      "created_at": "2025-07-25T11:52:45.704Z",
      "transcript": "AI: Hello. My name is John. Calling from the damp and disrepair survey team. We're helping UK tenants whose council or housing association hasn't fixed major issues like damp or leaks. It's just a 1 minute survey. Is now a good time? Great. Just\nUser: Yes.\nAI: to start, are you based in England or Wales?\nUser: England.\nAI: Great. And just checking, do you own your home? Or are you renting from a council or housing association?\n",
      "disposition": "PR",
      "duration": 63
    },
    {
      "call_id": "7ccfaf89-c788-4187-ad8d-e74a8ba027b8",
      "customer_number": "Unknown",
      "status": "ended",
      "created_at": "2025-07-25T11:47:32.913Z",
      "transcript": "AI: Hello. My name is John calling from the Dampen District. Repair Survey team. We're helping UK tenants whose council or housing association hasn't fixed major issues like dam or leaks, It's just a 1 minute survey. But is now a good time?\nUser: Yes.\nAI: Great. And just to start, are you based in England or Wales?\nUser: I'm based in England.\nAI: Thanks for confirming that and just checking. Do you your home or are you renting from a council or housing association?\nUser: I range from the council.\nAI: Got it. Thank you. Roughly how many people live in your household?\nUser: 4.\nAI: Thanks for that. In the past, year, have you had any problems at home, like damp, mold, leaks, faulty heating, or boiler issues?\nUser: Uh, we've had mold and leaks\nAI: Understood. Thanks for sharing that. And did you report those\nUser: Yeah. I did.\nAI: Okay. And roughly, how many times would you say you reported those issues? Was it less than 5 times, between 5 to 10, or more than 10 times?\nUser: Um, it was about 5 times.\nAI: Thanks for letting me know. And how responsive would you say they were? On a scale of 1 to 5, where 1 is they never responded and 5 is they resolved it properly.\nUser: 1,\nAI: Got it. Sounds like they didn't respond well at all. Have you ever had any problems with pests like rats mice or cockroaches in the property?\nUser: Yeah. We've had rats.\nAI: Understood, that must have been difficult. Did the council or housing association sort out the pest problem, or did they leave you to deal with it?\nUser: This means to you with the\nAI: Thanks for clarifying. Based on everything you've shared, I'll pass this on to our disrepair claims team. May be able to help get repairs done faster or even help you win compensation. Would be a good time for them to call you back? Sometime today or tomorrow?\n",
      "disposition": "CALLBK",
      "duration": 181
    },
    {
      "call_id": "842ddb09-48c6-4049-9ed1-2ba5ad63e0e8",
      "customer_number": "Unknown",
      "status": "ended",
      "created_at": "2025-07-25T11:46:49.133Z",
      "transcript": "",
      "disposition": "DAIR",
      "duration": 13
    },
    {
      "call_id": "3d741fce-3e45-41ed-8e58-82281eb1e854",
      "customer_number": "Unknown",
      "status": "ended",
      "created_at": "2025-07-25T11:45:33.267Z",
      "transcript": "AI: Hello. My name is John calling from the Dampen District survey team. We're helping UK tenants whose council or housing association hasn't fixed major issues like dam poor leaks? It's just a 1 minute survey. Is now a good time?\nUser: Yes.\nAI: Great. Just to start, are you based in England or Wales?\nUser: England.\nAI: Great. Just checking. Do you own your home, or are you renting from accounts or housing association?\nUser: I arranged from the council.\nAI: Got it. And how many people are in your household?\nUser: 4.\nAI: Understood. In the past year, have you had any problems at home, like damp, mold? Leaks, faulty heating, or boiler issues?\n",
      "disposition": "PR",
      "duration": 89
    },
    {
      "call_id": "172e878b-b6f3-4f05-b62a-7578f13af718",
      "customer_number": "Unknown",
      "status": "ended",
      "created_at": "2025-07-25T11:42:14.614Z",
      "transcript": "AI: Hello. My name is John calling from the damp and disrepair survey team. We're helping UK tenants whose council or housing association hasn't fixed major issues, like damp or leaks. It's just a 1 minute survey. Is now a good time?\nUser: Yes.\nAI: Great. Just to start, are you based in England or Wales?\nUser: I'm based in England.\nAI: Thanks for confirming. Just checking, do you own your home? Or are you renting from a council or housing association?\nUser: I arranged from the council.\nAI: Thank you. Moving on, Arthur. Roughly how many people live in your house\nUser: Uh, 4.\nAI: Got it. Thank you. In the past year, you had any problems at home like damp, mold? Leaks, faulty heating, or boiler issues?\nUser: Yeah. We've had leaks.\nAI: Thanks for letting me know. And did you report the leaks to your council or housing association? They happened?\n",
      "disposition": "PR",
      "duration": 92
    },
    {
      "call_id": "fd280b78-f6c3-4b64-8696-b71fd4b78beb",
      "customer_number": "Unknown",
      "status": "ended",
      "created_at": "2025-07-25T11:40:36.565Z",
      "transcript": "AI: Hello. My name is John calling from the damp and disrepair survey team. We're helping UK tenants whose council or housing association hasn't fixed major issues, like damp or leaks. It's just a 1 minute survey. Is now a good time?\nUser: Yes.\nAI: Great. Thank you. Just to start, are you based in England or Wales?\nUser: England.\nAI: Excellent. Thanks. And just checking, do you own your home, or are you renting from a council or housing association?\nUser: I'm renting from the council.\nAI: Got it. How many people are in your household?\nUser: 4,\nAI: Thanks. I'll note down 4 for now in the past year. Have you had any problems at home? I like, damp, mold, leaks, faulty heating, or boiler issues?\nUser: I've had boiler issues\nAI: Thank you for sharing that. Did you report those boiler issues to your council when they came up?\nUser: Yes. I did.\nAI: Understood. Roughly, how many times did you report the issue? Was it less than 5 times? 5 to 10, or more than 10 times?\n",
      "disposition": "NP",
      "duration": 106
    },
    {
      "call_id": "ecde21d5-a3d5-4606-b42f-78ab7372fd60",
      "customer_number": "Unknown",
      "status": "ended",
      "created_at": "2025-07-25T11:40:22.203Z",
      "transcript": "",
      "disposition": "DAIR",
      "duration": 9
    },
    {
      "call_id": "56f0808e-814c-4aa0-bb11-8f4f008b0cad",
      "customer_number": "Unknown",
      "status": "ended",
      "created_at": "2025-07-25T11:24:46.078Z",
      "transcript": "AI: Hello. My name is John calling from the Dump and Disrepair survey team. We're helping UK tenants whose council or housing association hasn't fixed major issues, like damp or leaks. It's just a 1 minute survey. Is now a good time?\nUser: Yes.\nAI: Great. Just to start, are you based in England or Wales?\nUser: England.\nAI: Thanks. And just checking do you own your home or are you renting from a council or a housing association?\nUser: I rent from the council.\nAI: Got it. Thanks for confirming that. Roughly how many people live in your household?\nUser: 4\nAI: Thanks. In the past year, have you had any problems at home, like damp, mold, leaks, faulty heating, or boiler issues?\nUser: I've had, uh, leaks and damp\nAI: Understood. And did you report those issues to your council when they came up?\nUser: Yes. I did.\nAI: Alright. And roughly how many times did you report it? Was it less than 5 times 5 to 10 or more than 10 times?\nUser: 5,\nAI: Okay. Thanks. How responsive would you say they were? On a scale of 1 to 5, where 1 is they never responded, and 5 is they resolved it properly\nUser: 1,\nAI: Thank you for letting me know. Have you ever had issues with pests like rats, mice, or cockroaches in the property?\nUser: Yeah. We've had rats\nAI: I'm sorry to hear Did the council sort that out? Or did they leave you to deal with it?\nUser: They left me to deal with it.\nAI: Thanks for sharing all that. Based on what you've told me, I'll pass this to our disrepair claims team They might be able to get repairs done faster or even win new compensation. When would be a good time for them to call you back? Sometime today or tomorrow?\nUser: Hello?\nAI: Hi. Still here. Just wanted to check with today or tomorrow.\nUser: Yeah. Yeah.\nAI: Be better for a quick callback?\nUser: Yeah.\n",
      "disposition": "CALLBK",
      "duration": 171
    },
    {
      "call_id": "a24c89d0-dea6-446c-959f-fd5ea16c3794",
      "customer_number": "Unknown",
      "status": "ended",
      "created_at": "2025-07-25T11:23:23.534Z",
      "transcript": "AI: Hello. My name's Emma. Calling from the damp and disrepair survey team. We're helping you\n",
      "disposition": "NP",
      "duration": 50
    },
    {
      "call_id": "253cf6a3-197e-42e2-ba9e-2635aab0dbec",
      "customer_number": "Unknown",
      "status": "ended",
      "created_at": "2025-07-25T11:22:07.109Z",
      "transcript": "AI: Good afternoon, Paul. This is James calling from ABC Business Services out here in California.\nUser: Hi.\nAI: Hi, Paul. Thanks for taking my call. We specialize in helping businesses like yours outsource and streamline their call center campaigns, the kind of stuff that improves customer satisfaction, and boosts sales revenue. If you're by a computer, I can walk you through our website and show you the services we offer. Let me know once your browser is open. And just to confirm, you're the business owner. Right?\nUser: Yes.\nAI: Great. Thanks for confirming, Paul. So let's take a quick look at how we can help your business. When you have your browser open, go ahead and type in insert website here. Let me know once you're there. And I'll guide you through the key details.\n",
      "disposition": "NP",
      "duration": 95
    },
    {
      "call_id": "476b84a3-a952-4ed8-839e-e2334ff322a1",
      "customer_number": "Unknown",
      "status": "ended",
      "created_at": "2025-07-25T11:19:12.575Z",
      "transcript": "AI: Good afternoon, Paul. This is James calling from ABC Business Services out here in California.\nUser: Alright.\nAI: Great to hear from you, Paul. We specialize in helping businesses like yours outsource and streamline their call center campaigns, the kind of stuff that really improves customer satisfaction and boosts sales revenue. If you'll buy a computer, go ahead and pull up our website I'll walk you through the exact service options we offer that could be a great fit for your business. Let me know once your browser is open. And just to confirm that you're the business owner, Right?\nUser: Yeah.\nAI: Okay. Fantastic. Once you're on our website, you'll see our main menu at the top. We have a range of services tailored customer support and drive sales. Take a moment to explore our call center solution set which includes everything from inbound and outbound call handling to customer service and technical support.\n",
      "disposition": "NP",
      "duration": 95
    },
    {
      "call_id": "edba3530-2698-49d9-bd7a-342e7dc87fef",
      "customer_number": "Unknown",
      "status": "ended",
      "created_at": "2025-07-25T10:47:39.556Z",
      "transcript": "AI: Hello. Welcome to Goody's Restaurant. What can I help you with?\n",
      "disposition": "NP",
      "duration": 42
    },
    {
      "call_id": "d7aef9a1-cfcf-419e-9d08-9b2b15295296",
      "customer_number": "Unknown",
      "status": "ended",
      "created_at": "2025-07-25T10:44:11.664Z",
      "transcript": "AI: Hello. My name's Emma. Calling from the damp and disrepair survey team. We're helping you tenants whose Council of Housing Association hasn't fixed major issues like damp or leaks. It's just a 1 minute survey. Is now a good time?\nUser: Yes.\nAI: Great. Just to start, are you based in England or Wales?\nUser: England.\nAI: Perfect. And just checking, do you own your home, or are you renting from a council or housing association?\nUser: I rent from the council.\nAI: Thank you for that. Got it. How many people are in your household?\nUser: 4.\nAI: Thanks for sharing that. In the past year, you had any problems at home, like dance, mold? Leaks, faulty heating, or boiler issues?\nUser: I've had leaks.\nAI: I'm sorry to hear that. Which of those issues have you experienced?\nUser: I've had mold and leaks.\nAI: You for that information. Did you report those issues to your council or housing association when they came up?\nUser: Yes.\nAI: Thank you. Was it less than 5 times? 5 to 10? More than 10 times?\nUser: Less about 5 times.\nAI: Got it. On a scale of 1 to 5, Paris responsive would you say they were? 1 is they never responded, and 5 is they resolved it properly.\nUser: 1\nAI: Thank you for that. Have you ever had issues with pests like rats mice, or cockroaches in the property?\nUser: Rats.\nAI: I'm sorry to hear that. Did the council or housing association sort that out, or did they leave you to deal with it?\nUser: They left me to deal with it.\nAI: Thank you so much for sharing all that. Based on what you've told me, I'll pass this to our disrepair claims team They might be able to get repairs done faster or even win you compensation. When would be a good time for them to call you back? Sometime today or tomorrow?\nUser: Tomorrow at 2 PM.\nAI: Thank you. I've noted that for tomorrow at 2 PM. Will give you a call then. I appreciate your time today, and I hope things improve for you soon.\n",
      "disposition": "CALLBK",
      "duration": 178
    },
    {
      "call_id": "5e18a3cb-852c-4b33-bdca-c146a673fb61",
      "customer_number": "Unknown",
      "status": "ended",
      "created_at": "2025-07-24T20:54:32.790Z",
      "transcript": "AI: Hello. My name's Emma. Calling from the damp and disrepair survey team. We're helping UK tenants whose counts or Housing Association hasn't fixed major issues like damp or leaks. It's just a 1 minute survey. Now a good time?\nUser: Yes.\nAI: Great. Just to start, are you based in England or Wales?\nUser: England.\nAI: Perfect. I'm just checking. You own your home or are you renting from a council or a housing association?\nUser: Irene from the council.\nAI: Thank you for that information. Now could you please tell me how many people live in your household?\nUser: 4. Put in reply to return.\nAI: Got it. Thank you. In the past year, have you had any problems at home? Like damp mold, leaks? Faulty heating, or boiler issues?\n",
      "disposition": "PR",
      "duration": 89
    },
    {
      "call_id": "3e6759f9-edf9-447d-af16-0436b6c7bf56",
      "customer_number": "+27630243757",
      "status": "ended",
      "created_at": "2025-07-24T19:47:45.668Z",
      "transcript": "AI: Hello. My name is Emma calling from the damp and disrepair survey team. We're helping UK tenants whose council or housing association hasn't fixed major issues like damp or leaks It's just a 1 minute survey.\n",
      "disposition": "NP",
      "duration": 60
    },
    {
      "call_id": "e523f406-964a-4382-a3a1-0ee861702f13",
      "customer_number": "Unknown",
      "status": "ended",
      "created_at": "2025-07-24T17:43:09.102Z",
      "transcript": "AI: Hello. My name's Emma. Calling from the damp and disrepair survey team. Helping UK tenants whose council or housing association hasn't fixed major issues like damp or leaks. It's just a 1 minute survey. Is now a good time?\nUser: Yes.\nAI: Great. Just to start, are you based in England or Wales?\nUser: England.\nAI: Perfect. And just checking, do you own your home, or are you renting from accounts or housing association?\nUser: I rent from the council.\nAI: That's great to hear. Now how many people are in your household?\nUser: 4.\nAI: Got it. In the past year, have you had any problems at home? Like damp, mold, leaks, faulty heating, or boiler issues?\nUser: Yeah. That faulty heating.\nAI: Thank you for sharing that. You report the heating issue to your council when it came up?\nUser: Yes.\nAI: Was it less than 5 times, 5 to 10, or more than 10 times that you reported it?\nUser: 5 times.\nAI: How responsive would you say they were on a scale of 1 to 5? Where 1 is they never responded, and 5 is they resolved it properly.\nUser: 1.\nAI: I'm sorry to hear that. Have you ever had issues with pests like rats, mice, or cockroaches in the property?\n",
      "disposition": "NP",
      "duration": 121
    },
    {
      "call_id": "5169ceb8-e84d-4de5-aed6-73403533deaa",
      "customer_number": "Unknown",
      "status": "ended",
      "created_at": "2025-07-24T17:42:09.189Z",
      "transcript": "AI: Hello. My name is Emma. Calling from the damp and disrepair survey team. We're helping UK tenants whose council housing association hasn't fixed major issues like damp or leaks It's just a 1 minute survey. Is now a good time?\nUser: Yes.\nAI: Great. Just to start, are you based in England or Wales?\nUser: England.\nAI: Perfect. And just checking, do you own your home or are you renting from a town or housing association?\nUser: On the console.\nAI: This survey only applies to social housing tenants. So if you're renting from the council or a housing association, it's perfect. Now how many people live in your household?\nUser: 4\nAI: Got it. And in the past year, have you had any problems at home, like damp mold, leaks,\n",
      "disposition": "PR",
      "duration": 96
    },
    {
      "call_id": "96f1153b-8812-4852-a161-388a2a2dbc93",
      "customer_number": "Unknown",
      "status": "ended",
      "created_at": "2025-07-24T17:38:44.640Z",
      "transcript": "AI: Hello. My name is Emma. Calling from the dampened disc repair survey team. Helping UK tenants whose council or housing association hasn't fixed major issues like damp or leak It's just a 1 minute survey. Now a good time?\n",
      "disposition": "NP",
      "duration": 46
    },
    {
      "call_id": "4a172a71-ecad-4019-9b87-4d14a9be8a40",
      "customer_number": "Unknown",
      "status": "ended",
      "created_at": "2025-07-24T17:37:38.818Z",
      "transcript": "AI: Hello. My name is Britney. Calling from the damp and disrepair survey team. We're helping UK tenants whose council or housing so hasn't fixed major issues like damp or leaks. It's just a 1 minute survey. Is now a good time?\n",
      "disposition": "NP",
      "duration": 57
    },
    {
      "call_id": "31327222-5c30-4b6e-a2cb-05c74dd1988f",
      "customer_number": "+27630243757",
      "status": "ended",
      "created_at": "2025-07-24T17:35:21.392Z",
      "transcript": "AI: Hello. My name is Britney. Calling from the damping disk repair survey team. We're helping you cater\n",
      "disposition": "NP",
      "duration": 41
    },
    {
      "call_id": "48712bc9-2b48-4807-a7f0-ef8569277fc1",
      "customer_number": "Unknown",
      "status": "ended",
      "created_at": "2025-07-24T17:33:07.404Z",
      "transcript": "AI: Hello. My name is Britney. Calling from the damp and disrepair survey team. We're helping UK tenants whose council or housing so hasn't fixed major issues like damp or leaks. It's just a 1 minute survey. Is now a good time?\nUser: Yes.\nAI: Great. Just to start, are you based in England or Wales? No. No.\nUser: England.\nAI: Perfect. And just checking, do you own your home, or are you renting from a council or housing association?\nUser: I'm renting from the council.\nAI: Thanks for that. Got it. And how many people are in your household? Would you say 1 to 3, 4 to 5, or more than 5?\nUser: 4\nAI: Okay. Thank you. The past year, have you had any problems at home, like damp mold, leaks, faulty heating, boiler issues?\nUser: Yeah. I've had mold and boiler issues.\nAI: Thank you for sharing that. Did you report those issues to your council when they came up?\nUser: Yes. I did.\nAI: Got it. And roughly how many times did you report it? Was it less than 5 times, 5 to 10, or more than 10 times?\nUser: About 5 times.\nAI: Thank you for that. How responsive would you say they were? On a scale of 1 to 5, where 1 is they never responded, and 5 is they resolved it properly.\nUser: Let's say 1.\nAI: I appreciate your honesty. Have you ever had issues with pests like rats? Mice, or cockroaches in the property?\nUser: Yes. We've had racks\nAI: Thank you for sharing that. The council or housing association sort that out? Did they leave you to deal with it?\nUser: They left me to deal with it.\nAI: Thanks so much for sharing all that. Based on what you've told me, I'll pass this to our disrepair claims team.\n",
      "disposition": "NP",
      "duration": 117
    },
    {
      "call_id": "5e6cdfa8-ae84-4c7b-a5cf-6916a372c42f",
      "customer_number": "Unknown",
      "status": "ended",
      "created_at": "2025-07-24T17:27:27.905Z",
      "transcript": "AI: Hello. My name is Britney. Calling from the damp and disc repair survey team. We're helping UK tenants whose council or housing association hasn't fixed major issues like damp or leak. It's just a 1 minute survey.\n",
      "disposition": "NP",
      "duration": 63
    },
    {
      "call_id": "6a25b1f1-79a2-4f0e-8ce4-9d5463776c79",
      "customer_number": "Unknown",
      "status": "ended",
      "created_at": "2025-07-24T17:26:13.575Z",
      "transcript": "AI: Hello. My name is Britney. Calling from the damp and disrepair survey team. We're helping UK tenants whose Council Housing Association hasn't fixed major issues like damp or leaks. It's just a 1 minute survey. Is now a good time?\n",
      "disposition": "NP",
      "duration": 50
    },
    {
      "call_id": "2e7052b4-95c0-46e5-a246-e69550ee37dc",
      "customer_number": "+27630243757",
      "status": "ended",
      "created_at": "2025-07-24T17:25:57.085Z",
      "transcript": "AI: Hello. My name is Britney. Calling from the Dampondis repair survey team. Helping UK tenants whose council or housing association hasn't fixed major issues like damp or leaks. It's just a 1 minute survey. Is now a good time?\nUser: Yes. It's a good time.\nAI: Great. Just to start, are you based in England or Wales?\nUser: I'm based in England.\nAI: Perfect. And just checking, do you own your home, or are you renting from a council or housing association?\n",
      "disposition": "PR",
      "duration": 80
    },
    {
      "call_id": "a15bb457-5d9d-4479-9748-3188df4f08dd",
      "customer_number": "+27630243757",
      "status": "ended",
      "created_at": "2025-07-24T17:24:48.628Z",
      "transcript": "AI: Hello. My name is Britney. Calling from the damp and dish repair survey team. We're helping UK tenants whose counts housing association hasn't fixed major issues like damp or leaks It's just a 1 minute survey. Is now a good time?\nUser: Yes. It is.\nAI: Great. Just to start, are you based in England or Wales?\nUser: Inlands.\nAI: No worries at all. This survey only applies to those regions. But thank you for your time.\n",
      "disposition": "PR",
      "duration": 68
    },
    {
      "call_id": "5923cdf0-9fb4-4398-826e-0cb707b03a4d",
      "customer_number": "+27630243757",
      "status": "ended",
      "created_at": "2025-07-24T17:24:08.849Z",
      "transcript": "AI: Hello. My name is Britney. Calling from the damp and dish repair survey team. We're helping UK tenants whose counts or housing association hasn't fixed major issues like damp or leaks. It's just a 1 minute survey. Is now a good time?\n",
      "disposition": "NP",
      "duration": 60
    },
    {
      "call_id": "9fb17f6a-777b-4d98-b3e5-45efaa15a9fc",
      "customer_number": "Unknown",
      "status": "ended",
      "created_at": "2025-07-24T13:30:13.128Z",
      "transcript": "AI: Hello. My name is Britney. Calling from the damp and disrepair survey team. We're helping UK tenants who council of housing association hasn't fixed major issues like damp or leaks. Just a 1 minute survey now a good time?\nUser: Yes.\nAI: Great. Just to start, are you based in England or Wales?\n",
      "disposition": "PR",
      "duration": 63
    },
    {
      "call_id": "b3ee23e0-59bb-4674-b93f-a8e66764bc48",
      "customer_number": "Unknown",
      "status": "ended",
      "created_at": "2025-07-24T13:25:47.987Z",
      "transcript": "AI: Hello, my name's Brittany, calling from the Damp and Disrepair Survey team. We're helping UK tenants whose council or housing association hasn't fixed major issues like damp or leaks. It's just a one minute survey. Is now a good time?\nUser: Yes, it's a good time.\nAI: Great, just to start. You based in England, Wales?\nUser: England\nAI: Perfect. I'm just checking. Do you own your home or are you\n",
      "disposition": "PR",
      "duration": 75
    },
    {
      "call_id": "2f81dd8f-30fa-4843-bd21-df60380b271a",
      "customer_number": "Unknown",
      "status": "ended",
      "created_at": "2025-07-24T13:24:28.621Z",
      "transcript": "",
      "disposition": "DAIR",
      "duration": 5
    },
    {
      "call_id": "92811846-8c0b-4ef5-9e9f-94dfd2b4e274",
      "customer_number": "Unknown",
      "status": "ended",
      "created_at": "2025-07-24T13:23:18.820Z",
      "transcript": "AI: Hello. My name is Britney calling from the damp and disrepair survey team. We're helping UK tenants whose council or housing association hasn't fixed major issues like damp or leaks. It's just a 1 minute survey. Is now a good time?\nUser: Yes. It's a good time.\nAI: Great. Just to stop,\n",
      "disposition": "NP",
      "duration": 51
    },
    {
      "call_id": "06c2f653-139e-43d6-8aac-84f538db0f8f",
      "customer_number": "Unknown",
      "status": "ended",
      "created_at": "2025-07-24T13:21:54.558Z",
      "transcript": "AI: Hello. My name is Britney calling from the damp and disrepair survey team. We're helping UK tenants who whose council or housing association hasn't fixed major issues like damp or leaks, It's just a 1 minute survey. Now a good time?\nUser: Yes. It's a good time.\nAI: Just to start, are you based in England? Wales?\nUser: England.\nAI: Great. And just checking, do you own your home or are you renting from a council or housing association?\nUser: I ran from the council.\nAI: Perfect. Now could could you tell me roughly how many people 5, or more than 5?\n",
      "disposition": "PR",
      "duration": 83
    },
    {
      "call_id": "80acbbb4-eca9-4b04-a0b5-a1056d39a7f6",
      "customer_number": "Unknown",
      "status": "ended",
      "created_at": "2025-07-24T13:20:55.366Z",
      "transcript": "AI: Hello. My name's Britney. Calling from the Danfon Disrepair survey team. We're helping UK tenants whose council or housing association hasn't fixed major issues like damp or leaks, just a 1 minute survey. Is now a good time?\n",
      "disposition": "NP",
      "duration": 49
    },
    {
      "call_id": "7d5f86ed-8f7d-4a30-b986-c5330ba22b47",
      "customer_number": "Unknown",
      "status": "ended",
      "created_at": "2025-07-24T13:20:24.730Z",
      "transcript": "AI: Hello. My name's Britney. Calling from the damp and disrepair survey team. We're helping UK tenants who council or housing association hasn't fixed major issues like damp or leaks It's just a 1 minute survey. Is now a good time?\n",
      "disposition": "PR",
      "duration": 54
    },
    {
      "call_id": "196d3459-57b1-468e-953f-d089d4b65119",
      "customer_number": "Unknown",
      "status": "ended",
      "created_at": "2025-07-24T13:19:14.361Z",
      "transcript": "AI: Hello. My name is Britney. Calling from the damp and disrepair survey team. We're helping UK tenants whose council or housing hasn't fixed major issues like damp or leaks. It's just a 1 minute survey. Is now a good time?\n",
      "disposition": "NP",
      "duration": 66
    },
    {
      "call_id": "98158506-abf6-4c58-8b21-241be4f7ba16",
      "customer_number": "Unknown",
      "status": "ended",
      "created_at": "2025-07-24T13:18:21.035Z",
      "transcript": "AI: Hello. My name is Britney. Calling from the damp and disrepair survey team. We're helping UK tenants whose council or housing association hasn't fixed major issues like damp or leaks. It's just a 1 minute survey. Is now a good time?\n",
      "disposition": "NP",
      "duration": 59
    },
    {
      "call_id": "9f6ff144-172b-4b5f-a6d4-beea51229d15",
      "customer_number": "Unknown",
      "status": "ended",
      "created_at": "2025-07-24T09:32:02.856Z",
      "transcript": "AI: Good afternoon, Paul. This is calling from ABC Business Services out here in California.\nUser: Hello.\nAI: Hi, Paul. How's your day going so far?\nUser: It's going good.\nAI: That's great to hear. Reason for my call today is to discuss how we can help streamline your call center campaigns. We specialize in making these processes more efficient, which can really enhance customer satisfaction and boost your sales revenue. If you're near a computer, would you mind pulling up our website? I can walk you through some service options that might be a great fit for your business Just let me know once your browser is open. And to confirm, you are the business owner. Right?\nUser: Uh, yes. I am.\nAI: Perfect. That makes things a lot easier. So are you able to up our website now? I'll guide you through it step by step to show you the options that could benefit your business the most.\nUser: I'm unable to pull up the web site right now.\nAI: No worries at all, Paul. We can still discuss some of our key services over the phone. First off, we offer customer support outsourcing. Our team can handle everything, from answering queries to resolving issues, ensuring your customers always have a great experience. We also specialize in lead generation and sales campaigns. Helping you to increase your revenue streams by reaching potential customers more effectively. And lastly, we provide technical support services to help your users troubleshoot and solve any problems they encounter. Do any of these services sound like something you'd be interested in?\nUser: Uh, no. I'm not currently interested. Thank you.\nAI: I completely understand, Paul. If you ever change your mind or have any questions in the future, feel free to reach out. Have a wonderful day.\nUser: Thank you, Bob.\n",
      "disposition": "DEC",
      "duration": 81
    },
    {
      "call_id": "1fac76dc-b10d-4dd8-bf8a-64618972cda4",
      "customer_number": "Unknown",
      "status": "ended",
      "created_at": "2025-07-24T09:12:46.261Z",
      "transcript": "AI: Good afternoon, Paul. This is James calling from ABC Business Services out here in California.\nUser: California.\nAI: Exactly. We're based\nUser: I pull up Exactly. We're basing\nAI: Alright. No problem.\nUser: Alright. No problem. Let me help you guys through. We\nAI: We Alright. Me help you get this sorted.\nUser: Hello? Alright. Let me help you get this sorted.\nAI: Hello, Paul? Great. Alright. Let me help you get this sorted. We specialize in helping businesses like yours outsource and streamline their call center campaigns. The kind of stuff that really improves customer satisfaction and boost sales revenue. If you're by a computer, go ahead and pull up our website. I'll walk you through the exact service options we offer that could be a great fit for your business. Let me know once your browser is open. And just to confirm, you're the business owner. Right?\nUser: No. I'm just an employee.\nAI: Got it. For letting me\nUser: Got it. For letting me know.\nAI: got it. Thanks for letting me\nUser: Got it. Thanks for letting me know.\nAI: got it. Thanks for\nUser: What the fuck? Got it. Thanks for letting\n",
      "disposition": "NI",
      "duration": 91
    },
    {
      "call_id": "ad91a2bb-c56b-4b87-b7f6-d3ace7090ea0",
      "customer_number": "Unknown",
      "status": "ended",
      "created_at": "2025-07-24T09:10:24.089Z",
      "transcript": "AI: Good afternoon, Paul. This is James calling from ABC Business Services out here in California.\nUser: California. Hi. How are you?\nAI: I'm doing great, Paul. I'm doing great, Paul.\nUser: Fuck.\nAI: I'm sorry if I've caught you at a bad time.\nUser: I'm sorry if I've caught you at a bad time, Paul.\nAI: No worries, Paul. It happens.\nUser: No worries, Paul. It happens.\nAI: Let me know if now is a good time to chat.\nUser: Thanks, Paul.\nAI: Thanks, Paul. If now works for you, I'd\n",
      "disposition": "NP",
      "duration": 81
    },
    {
      "call_id": "91c1bcd2-2905-44f2-bbee-1e4e4aad9548",
      "customer_number": "Unknown",
      "status": "ended",
      "created_at": "2025-07-24T08:21:59.221Z",
      "transcript": "AI: Good afternoon, Paul. This is James from ABC Business Services out here in California.\nUser: Hello.\nAI: Hi there, Paul. How's your day going so far?\nUser: It's okay.\nAI: Glad to hear it's going okay. I'll keep this quick. We special specialize in helping businesses like yours outsource and streamline call center campaigns, the kind of stuff that really improves customer satisfaction and boost sales revenue. If you're by a computer, go ahead and pull up our website. I can walk you through the exact service options we offer that could be a great fit for your business. Let me know once your browser is open. And just to confirm, you're the business owner. Right?\nUser: Yes.\nAI: Perfect. Thanks for confirming. Go ahead and open up your browser, and I'll guide you through our website. It'll give you a clear picture of how our services can benefit your business Let me know once you're ready.\nUser: I'm ready.\nAI: Great. Go ahead and type in the w w w dot a b c business services dot com. Once the site loads, you should see our home page with a few options at the top. Let me know when you see it and I'll walk you through where to click next.\nUser: I see it.\nAI: Awesome. Okay. I think the top of the page, you'll notice a menu with options like services and industries. Go ahead and click on services. That will take you to an overview of everything we offer. You're there, you'll see details on how we handle inbound and outbound call campaigns, customer support, appointment setting, and even sales. Let me know if any of those stand out to you or if you'd like clarification on our approach.\n",
      "disposition": "NP",
      "duration": 110
    },
    {
      "call_id": "c2b43fde-b2c0-4a65-956e-0582c77de7e6",
      "customer_number": "Unknown",
      "status": "ended",
      "created_at": "2025-07-24T08:18:58.998Z",
      "transcript": "AI: Good afternoon, Paul. This is James calling from ABC Business Services out here in California.\nUser: Hi.\nAI: Great to connect with you, Paul. We specialize in helping businesses like yours outsource and streamline their call center campaigns, the kind of stuff that really improves customer satisfaction and boost sales revenue. If you're by a computer, go ahead and pull up our website. I'll walk you through the exact service options we offer that could be a great fit for your business. Let me know once your browser is open. Short pause. Just to confirm, you're the business owner.\nUser: Is that your boss?\n",
      "disposition": "NP",
      "duration": 91
    },
    {
      "call_id": "ba033efe-f35a-4686-8480-2e43c9b190d5",
      "customer_number": "Unknown",
      "status": "ended",
      "created_at": "2025-07-23T23:30:20.856Z",
      "transcript": "AI: Good afternoon, Paul. This is James calling from ABC Business Services out here in California. Hi, Paul. Can you hear me okay? This is James calling from ABC Business Services. How's your afternoon treating you?\nUser: Well, then you\nAI: Oh, sorry about that, Paul. Please go ahead.\nUser: I said, how are you?\nAI: Oh, Oh, I'm doing great. You for asking. And how about you? How's your day going so far?\nUser: Great.\nAI: Glad to hear that. Well, Paul, I'll keep this quick. We specialize in helping businesses like yours outsource and streamline their call center campaigns. The kind of services that not only improve customer satisfaction, but also help increase sales revenue. If you're near a computer, I'd love to have you pull up our website so I can walk you through some options that might be a great fit for your business. Do you have your browser open?\n",
      "disposition": "NP",
      "duration": 92
    },
    {
      "call_id": "598e46e6-e560-4e0e-a9dd-c3e8cca66b55",
      "customer_number": "Unknown",
      "status": "ended",
      "created_at": "2025-07-23T23:29:21.768Z",
      "transcript": "AI: Good afternoon, Paul. This is James calling from ABC Business Services out here in California.\nUser: Hi.\nAI: Hey there.\n",
      "disposition": "NP",
      "duration": 54
    },
    {
      "call_id": "3647a3c0-0b25-4dfd-b5aa-fc879bf65e99",
      "customer_number": "Unknown",
      "status": "ended",
      "created_at": "2025-07-23T23:27:59.162Z",
      "transcript": "AI: Good afternoon, Paul. This is James calling from ABC Business Services out here in California.\nUser: Hi.\nAI: Hi there. Thanks for taking my call. How's your day going so far?\nUser: It's going good.\nAI: I'm really glad to hear that. So reason I'm reaching out is because we specialize in helping businesses like yours outsource and streamline their call center campaigns. The kind of services that not only improve customer satisfaction, but also boost your sales revenue. If you're near a computer right now, go ahead and pull up our website. I can walk you through some of the specific service options we offer, that might be a great fit for your business. Let me know once your browser is open. Short pause. And just to confirm, you're the business owner. Right?\n",
      "disposition": "NP",
      "duration": 87
    },
    {
      "call_id": "bcb6bb54-faa2-4ac3-a57f-4d3f74fa47cd",
      "customer_number": "Unknown",
      "status": "ended",
      "created_at": "2025-07-23T23:26:31.065Z",
      "transcript": "AI: Good afternoon, Paul. Say slowly and friendly.\n",
      "disposition": "NP",
      "duration": 50
    },
    {
      "call_id": "4e97c444-ae03-4b68-8339-007012370f98",
      "customer_number": "Unknown",
      "status": "ended",
      "created_at": "2025-07-23T23:24:13.761Z",
      "transcript": "AI: Good afternoon, Paul. This is Rahul calling from ABC Business Services out here in California. Hey there, Paul. Thanks for picking up. I really appreciate it. So, again, my name's Rahul, and I'm calling from ABC Business Services out here in California. We work with businesses to help them streamline and outsource their call center campaigns. Things like customer support, lead generation, sales follow ups. All the tasks that take up a ton of time but are super important to growth. The idea is to take that off your plate so you and your team can focus on what you do best while we help boost customer satisfaction and even your revenue over time. If you're by a computer, I'd love to have you pull up our website real quick. I can walk you through some of the services we offer that may be a great fit for you. Let me know once you're ready or if you've got just a quick minute to chat about what your currently doing with customer outreach.\n",
      "disposition": "NP",
      "duration": 99
    },
    {
      "call_id": "5e46ec3d-ba81-461c-814a-bfcbf6171b01",
      "customer_number": "Unknown",
      "status": "ended",
      "created_at": "2025-07-23T23:22:45.907Z",
      "transcript": "AI: Good afternoon, Paul. This is Rahul calling from ABC Business Services out here in California.\nUser: Hi.\nAI: Hey there Paul. Thanks for picking up. Hope your day is going well so far. Like I mentioned, I'm calling from ABC Business Services out here in California. We specialize in helping businesses streamline their service and outbound call campaigns Whether you're looking to boost conversion rates, lower overhead, or just free up your in house team. We've got options that can really make a difference. If you're near a computer, I'd love to give you a super quick walkthrough of our website. You'll be able to see exactly how our services work and what kind of results we can help you get.\n",
      "disposition": "NP",
      "duration": 81
    },
    {
      "call_id": "ba1978f7-0d41-4979-8754-9edaba7481c3",
      "customer_number": "Unknown",
      "status": "ended",
      "created_at": "2025-07-23T20:44:06.526Z",
      "transcript": "AI: Hello. My name is Britney calling from the damp and disrepair survey team. We're helping UK tenants whose council or housing association hasn't fixed major issues like damp or leaks. It's just a 1 minute survey. Is now a good time?\nUser: Yes. I can speak.\nAI: Great. Just to start, are you based in England or Wales?\nUser: England.\nAI: Thanks. And just checking. You own your home? Or are you renting from a council or housing association?\nUser: I rent from the council.\nAI: Thanks for clarifying. And, roughly, how many people are in your household? Would you say 1 to 3 4 to 5, or more than 5?\nUser: 4.\nAI: Got it. And in the past year, have you had any problems at home? Like damp, mold, leaks? Faulty heating or boiler issues,\nUser: Yeah. I've had mold and leaks.\nAI: Thanks for sharing. Did you report these issues to your council when they came up?\nUser: Yes.\n",
      "disposition": "PR",
      "duration": 114
    },
    {
      "call_id": "4c815e37-10a7-4283-adb4-70313a5f73f6",
      "customer_number": "Unknown",
      "status": "ended",
      "created_at": "2025-07-23T20:42:42.468Z",
      "transcript": "AI: Hello. My name is Britney. Calling from the damp and disrepair survey team. We're helping UK tenants whose council or housing association hasn't fixed major issues like damp or leaks. It's just a 1 minute survey. Is now a good time?\nUser: Yes.\nAI: Great. Just to start, are you based in England or Wales?\nUser: England.\nAI: Thanks. And are you a homeowner or do you rent from a council or a housing association?\nUser: I rent from the council.\nAI: Thanks for that. And roughly how many people live in your house Would you say 1 to 3? 4 to 5, or more than 5?\nUser: 4\nAI: Got it. And in the past year, have you had any problems at home like damp, mold? Leaks, faulty heating, or boiler issues.\n",
      "disposition": "PR",
      "duration": 101
    },
    {
      "call_id": "2faba18c-65cb-4b30-b8cf-69c52a128e6a",
      "customer_number": "+27630243757",
      "status": "ended",
      "created_at": "2025-07-23T18:28:56.497Z",
      "transcript": "AI: Hello. Welcome to Goodie's Restaurant. What can I help you with?\nUser: I'd like to place an order for pickup.\nAI: Awesome. Let's get that started. Can I get your name?\n",
      "disposition": "NP",
      "duration": 54
    },
    {
      "call_id": "8ee6bc01-b49a-4dba-a8f6-a62413c29a5a",
      "customer_number": "+27630243757",
      "status": "ended",
      "created_at": "2025-07-23T11:30:43.793Z",
      "transcript": "AI: Hello. Welcome to Goody's Restaurant. What can I help you with?\nUser: I'd like to place an order for pickup.\nAI: Awesome. Let's get that started. Can I get your name?\nUser: It's, uh, Tyrell.\nAI: Thanks, Tyrell. And your phone number?\nUser: 0 6 3 0 2 4 3 7 5 7.\nAI: Got it, Tyrell. Will this be for pickup as you mentioned? Would you like to order?\nUser: Yes. I'd like to order the Malaysian cottage pie.\nAI: Great choice. Would you like to add anything else to your order, Tyrell?\n",
      "disposition": "NP",
      "duration": 82
    },
    {
      "call_id": "e1417c1d-0e93-402f-b589-78495efe4fb3",
      "customer_number": "+27630243757",
      "status": "ended",
      "created_at": "2025-07-22T14:34:25.883Z",
      "transcript": "AI: Hello. Welcome to Goody's Restaurant. What can I help you with?\nUser: I'd like to place an order for pickup.\nAI: Awesome. Let's get that started. Can I get your name?\nUser: Tyrell.\nAI: Thanks, Tyrell. And your phone number?\nUser: It's 0 6 3 0 2 4 3 7 5 7.\nAI: Great, Tyrell. What would you like to order?\nUser: I'd like to order the Malaysian passage pie.\nAI: Just to confirm, did you mean the Malaysian cottage pie?\nUser: Yes. Correct.\nAI: Got it. Would you like to add anything else to your order, Tyrell?\nUser: Uh, a Coca Cola.\nAI: Got it. Any special requests or allergies I should note?\nUser: No. That's it.\nAI: Here's your order summary, Tyrell. Items, Malaysian cottage pie, Coke. Notes, none. Would you like me to confirm this?\nUser: Yep.\nAI: Perfect. 1 last thing. Your total comes to 57 dirhams. All set to send this to the kitchen\n",
      "disposition": "NP",
      "duration": 99
    },
    {
      "call_id": "26082700-1eef-4573-b3a4-03a5d4377ab1",
      "customer_number": "Unknown",
      "status": "ended",
      "created_at": "2025-07-22T10:56:36.487Z",
      "transcript": "AI: Hello. My name is Britney. Calling from the damp and disrepair survey team. We're helping UK tenants whose council or housing association hasn't fixed major issues like damp or leaks. It's just a 1 minute survey. Is now a good time?\nUser: Yeah.\nAI: Great. Just to stop, are you based in England or Wales?\nUser: England.\nAI: Thanks for confirming. Are you a homeowner? Or do you rent from a council or housing association?\nUser: I ran from the council.\nAI: Got it. And just checking, do you own your home? Or are you renting from a council or housing association?\nUser: I ran from the council.\nAI: Thanks for clarifying. And roughly how many people live in your household? Would you say 1 to 3, 4 to 5? Or more than 5?\nUser: 4.\nAI: Understood. In the past year, have you had any problems at home? Like damp? Mold? Leaks, faulty heating, or boiler issues?\nUser: We've had leaks and mold\nAI: Thank you. Did you report those issues to your account council or housing association when they came up?\nUser: Yeah. We reported it 4 times.\nAI: Thanks. On a scale of 1 to 5, how responsive would you say they were? Where 1 means they never responded, and 5 means they resolved it properly?\nUser: 1,\nAI: I see. Have you also had any issues with pests like rats, mice, or cockroaches in your property?\nUser: Yeah. We've had rats.\nAI: Thanks for sharing. And did the council or housing association sort out the pest problem, or did they leave it to you?\nUser: They left it to me.\nAI: Thanks for that. Based on what you've told me, I'll pass this information to our disrepair claims team. They might be able to get repairs done faster. Or even help you get compensation. When would be a good time for them to call you back?\n",
      "disposition": "CALLBK",
      "duration": 184
    },
    {
      "call_id": "bc87bd6e-6e70-4076-848b-d98b3ae7d127",
      "customer_number": "Unknown",
      "status": "ended",
      "created_at": "2025-07-22T10:46:22.870Z",
      "transcript": "AI: Hello. My name is Britney calling from the damp and disrepair survey team. We're helping UK tenants whose council or housing association hasn't fixed major issues like damp or leaks. It's just a 1 minute survey. Is now a good time?\nUser: Yeah. I can speak\nAI: Great. Just to start, are you based in England or Wales?\nUser: England.\nAI: Thanks for confirming. Are you a homeowner? Or do you rent from a council or a housing association?\nUser: I, um, I rent from the council.\nAI: Thanks for that. And roughly, how many people live in your household? Would you say 1 1 to 3, 4 to 5? Or more than 5?\nUser: Uh, 4 people live in my house.\nAI: Got it? And in the past year, you had any problems at home? Like damp, mold, leaks, faulty heating, or boiler issues?\nUser: Yeah. I've had mold and leaks.\nAI: Thank you for sharing. Did you report those issues to your council when they came up?\nUser: Yeah. I reported it 4 or 5 times.\nAI: Understood. And on a scale of 1 to 5, where 1 is, they never responded, and 5 is they resolved it properly. How responsive would you say they were?\nUser: 1,\nAI: Thanks for that. Have you ever had issues with pests like rats, mice, or cockroaches in your property?\nUser: Yeah. We've had rats.\nAI: I see. And did your landlord sort out the rat problem? Or did they leave it for you to handle?\nUser: They left it for me to handle.\nAI: Thanks for sharing. Based on what you've told me, I'll pass this to our disrepair claims team They might be able to help get repairs done faster or even get you compensation. When would be a good time for them to call back? Sometime today or tomorrow.\nUser: Tomorrow at 2 PM.\nAI: Thank you. I've scheduled a callback for tomorrow at 2 PM.\n",
      "disposition": "CALLBK",
      "duration": 190
    },
    {
      "call_id": "4dd1fe44-f1f9-4aaf-aada-74c3e85a05ad",
      "customer_number": "Unknown",
      "status": "ended",
      "created_at": "2025-07-22T10:45:06.932Z",
      "transcript": "AI: Hello. My name is Britney calling from the damp and disrepair survey team. We're helping UK tenants whose council or housing association hasn't fixed major issues like damp or leaks. It's just a 1 minute survey. Is now a good time?\nUser: Yeah.\nAI: Great. If you just to start, are you based in England or Wales?\nUser: England.\nAI: Thanks for confirming. Are you a homeowner, or do you rent from a council or a housing association?\nUser: I rent from the council.\nAI: Got it. And just checking. Do you own your home, or are you renting from a council or housing association?\nUser: I range from the council.\nAI: Thanks for clarifying. Roughly, how many people are living in your household? Would you say 1, 3, 4 to\n",
      "disposition": "PR",
      "duration": 86
    },
    {
      "call_id": "b079a548-69f9-4ef1-9999-0b0e2ede3a12",
      "customer_number": "Unknown",
      "status": "ended",
      "created_at": "2025-07-22T10:44:31.805Z",
      "transcript": "AI: Hello. My name is Britney calling from the DAMP and DIS repair survey team. We're helping UK tenants whose council or housing association hasn't fixed major issues like damp or leaks. It's just a 1 minute survey. Is now a good time?\n",
      "disposition": "NP",
      "duration": 60
    },
    {
      "call_id": "402aec86-988f-47b7-b3e4-7045324fd1c6",
      "customer_number": "Unknown",
      "status": "ended",
      "created_at": "2025-07-22T10:44:15.782Z",
      "transcript": "",
      "disposition": "DAIR",
      "duration": 6
    },
    {
      "call_id": "7259f633-7852-4eb7-921d-ed1268cc8437",
      "customer_number": "Unknown",
      "status": "ended",
      "created_at": "2025-07-22T10:43:36.300Z",
      "transcript": "AI: Hi. My name's Britney. Calling from the Dump and Disrepair survey team. We're helping UK tenants whose council or housing association\n",
      "disposition": "NP",
      "duration": 47
    },
    {
      "call_id": "91038799-e89f-4013-9398-09f24eb4a335",
      "customer_number": "Unknown",
      "status": "ended",
      "created_at": "2025-07-22T10:43:07.403Z",
      "transcript": "AI: Hi. My name's Britney. Calling from the Dump and Disrepair survey team. We're helping UK tenants whose council or housing association hasn't fixed major issues like damp or leaks. It's just a 1 minute survey, Is now a good time?\n",
      "disposition": "NP",
      "duration": 57
    },
    {
      "call_id": "7ac7d507-90ca-4299-8292-3c5360675af1",
      "customer_number": "Unknown",
      "status": "ended",
      "created_at": "2025-07-22T10:42:45.373Z",
      "transcript": "AI: Hi. My name's Britney. Calling from the Dump and Disrepair survey team. We're helping UK tenants whose council or housing association\n",
      "disposition": "NP",
      "duration": 57
    },
    {
      "call_id": "2683ea9d-0e12-47e9-9d2a-79ffac99afeb",
      "customer_number": "Unknown",
      "status": "ended",
      "created_at": "2025-07-22T10:40:50.099Z",
      "transcript": "AI: Hello. Welcome to Goody's Restaurant. What can I help you with?\nUser: I'd like to place an order for pickup.\nAI: Awesome. Let's get that started. Can I get your name?\nUser: It's Tyrell.\nAI: Thanks, Tyrell. And your phone number?\nUser: 0 6 3 0 2 4 3 7 5 7.\nAI: Great, Tyrell. What would you like to order?\nUser: Uh, the Malaysian cottage pie.\nAI: Got it. Any special requests or allergies I should note?\n",
      "disposition": "NP",
      "duration": 82
    },
    {
      "call_id": "c562c13e-ba37-431e-a214-e81e3bb96657",
      "customer_number": "Unknown",
      "status": "ended",
      "created_at": "2025-07-22T10:29:04.512Z",
      "transcript": "AI: Hello. Welcome to Goody's Restaurant. What can I help you with?\nUser: I'd like to place an order for pickup.\nAI: Great. Let's get started. Can I get your name please?\nUser: It's David.\nAI: Thanks, David. Could I get your phone number?\nUser: 0 6 3 0 2 4 3 7 5 7.\nAI: Thanks, David. What would you like to order?\nUser: I'd like to order the cottage pie.\nAI: Got it. Would you like to add any special requests? Or note any allergies with your order?\nUser: No. That'll be it. Thank you.\n",
      "disposition": "NP",
      "duration": 83
    }
  ],
  "total_calls": 100,
  "disposition_summary": {
    "CALLBK": 10,
    "NP": 63,
    "HO": 1,
    "DAIR": 9,
    "PR": 15,
    "DEC": 1,
    "NI": 1
  },
  "classification_method": "OpenAI GPT",
  "extracted_at": "2025-07-28T03:06:59.342955"
}